status,collection,country_slug,region,city,title,slug,file_path,listing_url,long_description_state,notes
todo,distributors,new-zealand,Canterbury,Christchurch,Supply Circle Hub,supply-circle-hub,_distributors/supply-circle-hub.md,/distributors/new-zealand/supply-circle-hub/,missing,""
todo,distributors,country-slug,Region or state,City or town,Hub or distributor name,distributor-slug,_distributors/_template.md,/distributors/country-slug/distributor-slug/,missing,""
todo,farms,new-zealand,Northland,Kawakawa,"""Let food be thy medicine"" Garden",let-food-be-thy-medicine-kawakawa,_farms/let-food-be-thy-medicine-kawakawa.md,/farms/new-zealand/let-food-be-thy-medicine-kawakawa/,missing,""
todo,farms,new-zealand,Northland,Kaitaia,Ahikaaroa Trust,ahikaaroa-trust,_farms/ahikaaroa-trust.md,/farms/new-zealand/ahikaaroa-trust/,missing,""
todo,farms,new-zealand,Otago,Bannockburn,Akarua,akarua,_farms/akarua.md,/farms/new-zealand/akarua/,missing,""
todo,farms,new-zealand,Canterbury,Amberley,Allandale Regenerative Farm,allandale-regenerative-farm,_farms/allandale-regenerative-farm.md,/farms/new-zealand/allandale-regenerative-farm/,missing,""
todo,farms,new-zealand,Otago,Dunedin,Artemis Ltd,artemis-ltd,_farms/artemis-ltd.md,/farms/new-zealand/artemis-ltd/,missing,""
todo,farms,new-zealand,Southland,Invercargill,AwaRua Organics,awarua-organics,_farms/awarua-organics.md,/farms/new-zealand/awarua-organics/,missing,""
todo,farms,new-zealand,Auckland,Waiheke Island,Awaroa Organic Winery,awaroa-organic-winery,_farms/awaroa-organic-winery.md,/farms/new-zealand/awaroa-organic-winery/,missing,""
todo,farms,new-zealand,Auckland,Henderson,Babich Wines,babich-wines,_farms/babich-wines.md,/farms/new-zealand/babich-wines/,missing,""
todo,farms,new-zealand,Hawke's Bay,Haumoana,Bayleaf Organics,bayleaf-organics-haumoana,_farms/bayleaf-organics-haumoana.md,/farms/new-zealand/bayleaf-organics-haumoana/,missing,""
todo,farms,new-zealand,Taranaki,Omata,Beach Road Milk Co,beach-road-milk-co,_farms/beach-road-milk-co.md,/farms/new-zealand/beach-road-milk-co/,missing,""
todo,farms,new-zealand,Wellington,Greytown,Bella Olea,bella-olea,_farms/bella-olea.md,/farms/new-zealand/bella-olea/,missing,""
todo,farms,new-zealand,Manawatū-Whanganui,Mangamahu,Bellbird Permaculture Farm,bellbird-permaculture-farm,_farms/bellbird-permaculture-farm.md,/farms/new-zealand/bellbird-permaculture-farm/,missing,""
todo,farms,new-zealand,Manawatū-Whanganui,Palmerston North,BioFarm,biofarm,_farms/biofarm.md,/farms/new-zealand/biofarm/,missing,""
todo,farms,new-zealand,Otago,Tapanui,Blue Mountain Station,blue-mountain-station,_farms/blue-mountain-station.md,/farms/new-zealand/blue-mountain-station/,missing,""
todo,farms,new-zealand,Wellington,Featherston,Cameron Family Farms,cameron-family-farms,_farms/cameron-family-farms.md,/farms/new-zealand/cameron-family-farms/,missing,""
todo,farms,new-zealand,Otago,Cardrona Valley,Cardrona Merino,cardrona-merino,_farms/cardrona-merino.md,/farms/new-zealand/cardrona-merino/,missing,""
todo,farms,new-zealand,Otago,Bannockburn,Carrick Wines,carrick-wines,_farms/carrick-wines.md,/farms/new-zealand/carrick-wines/,missing,""
todo,farms,new-zealand,Auckland,Auckland,Ceres Organics,ceres-organics,_farms/ceres-organics.md,/farms/new-zealand/ceres-organics/,missing,""
todo,farms,new-zealand,Hawke's Bay,Napier,Chantal Organics,chantal-organics,_farms/chantal-organics.md,/farms/new-zealand/chantal-organics/,missing,""
todo,farms,new-zealand,Marlborough,Waihopai Valley,Churton Wines,churton-wines,_farms/churton-wines.md,/farms/new-zealand/churton-wines/,missing,""
todo,farms,new-zealand,Taranaki,Ōakura,Coastal Market Garden,coastal-market-garden,_farms/coastal-market-garden.md,/farms/new-zealand/coastal-market-garden/,missing,""
todo,farms,new-zealand,Hawke's Bay,Hastings,CoralTree Organic Products,coraltree-organic-products,_farms/coraltree-organic-products.md,/farms/new-zealand/coraltree-organic-products/,missing,""
todo,farms,new-zealand,Waikato,Coroglen,Coro Fresh (Goodness Growers),coro-fresh-goodness-growers,_farms/coro-fresh-goodness-growers.md,/farms/new-zealand/coro-fresh-goodness-growers/,missing,""
todo,farms,new-zealand,Northland,Waipu,Durham Farms,durham-farms,_farms/durham-farms.md,/farms/new-zealand/durham-farms/,missing,""
todo,farms,new-zealand,Hawke's Bay,Wairoa,Early Bird Organics,early-bird-organics,_farms/early-bird-organics.md,/farms/new-zealand/early-bird-organics/,missing,""
todo,farms,new-zealand,Northland,Whangārei,Earthbound Honey,earthbound-honey,_farms/earthbound-honey.md,/farms/new-zealand/earthbound-honey/,missing,""
todo,farms,new-zealand,Manawatū-Whanganui,Levin,Eco Egg Company,eco-egg-company,_farms/eco-egg-company.md,/farms/new-zealand/eco-egg-company/,missing,""
todo,farms,new-zealand,Auckland,Papakura,FRENZ Eggs,frenz-eggs,_farms/frenz-eggs.md,/farms/new-zealand/frenz-eggs/,missing,""
todo,farms,new-zealand,Otago,Alexandra,Fallow Ridge,fallow-ridge,_farms/fallow-ridge.md,/farms/new-zealand/fallow-ridge/,missing,""
todo,farms,new-zealand,Hawke's Bay,Havelock North,Figs Hawke's Bay,figs-hawkes-bay,_farms/figs-hawkes-bay.md,/farms/new-zealand/figs-hawkes-bay/,missing,""
todo,farms,new-zealand,Wellington,Wellington,Forest Maker Honey,forest-maker-honey,_farms/forest-maker-honey.md,/farms/new-zealand/forest-maker-honey/,missing,""
todo,farms,new-zealand,Wellington,Masterton,Four Corners Organics,four-corners-organics,_farms/four-corners-organics.md,/farms/new-zealand/four-corners-organics/,missing,""
todo,farms,new-zealand,Auckland,Ardmore,Hamlin Road Farm,hamlin-road-farm,_farms/hamlin-road-farm.md,/farms/new-zealand/hamlin-road-farm/,missing,""
todo,farms,new-zealand,Hawke's Bay,Clive,Hohepa Hawke's Bay,hohepa-hawkes-bay,_farms/hohepa-hawkes-bay.md,/farms/new-zealand/hohepa-hawkes-bay/,missing,""
todo,farms,new-zealand,Hawke's Bay,Hastings,Honeylicious,honeylicious,_farms/honeylicious.md,/farms/new-zealand/honeylicious/,missing,""
todo,farms,new-zealand,Hawke's Bay,Napier,JJ Organics,jj-organics-napier,_farms/jj-organics-napier.md,/farms/new-zealand/jj-organics-napier/,missing,""
todo,farms,new-zealand,Waikato,Matamata,Jersey Girl Organics,jersey-girl-organics,_farms/jersey-girl-organics.md,/farms/new-zealand/jersey-girl-organics/,missing,""
todo,farms,new-zealand,Taranaki,Paraite,Kahu Glen Farm,kahu-glen-farm,_farms/kahu-glen-farm.md,/farms/new-zealand/kahu-glen-farm/,missing,""
todo,farms,new-zealand,Taranaki,New Plymouth,Kaitake Farm,kaitake-farm,_farms/kaitake-farm.md,/farms/new-zealand/kaitake-farm/,missing,""
todo,farms,new-zealand,Waikato,Raglan,Kaiwhenua Organics,kaiwhenua-organics,_farms/kaiwhenua-organics.md,/farms/new-zealand/kaiwhenua-organics/,missing,""
todo,farms,new-zealand,Hawke's Bay,Hastings,Kanapu Hemp Foods (Kanapu Hempery),kanapu-hemp-foods,_farms/kanapu-hemp-foods.md,/farms/new-zealand/kanapu-hemp-foods/,missing,""
todo,farms,new-zealand,Wellington,Kapiti Coast,Kapiti Free Range Eggs,kapiti-free-range-eggs,_farms/kapiti-free-range-eggs.md,/farms/new-zealand/kapiti-free-range-eggs/,missing,""
todo,farms,new-zealand,Wellington,Waikanae,Kapiti Olive Oil,kapiti-olive-oil,_farms/kapiti-olive-oil.md,/farms/new-zealand/kapiti-olive-oil/,missing,""
todo,farms,new-zealand,Canterbury,Kaikōura Flats,Karaka Farm,karaka-farm-kaikoura,_farms/karaka-farm-kaikoura.md,/farms/new-zealand/karaka-farm-kaikoura/,missing,""
todo,farms,new-zealand,Auckland,Waiheke Island,Kennedy Point Vineyard,kennedy-point-vineyard,_farms/kennedy-point-vineyard.md,/farms/new-zealand/kennedy-point-vineyard/,missing,""
todo,farms,new-zealand,Canterbury,Amberley,Laughing Pukeko Farm,laughing-pukeko-farm,_farms/laughing-pukeko-farm.md,/farms/new-zealand/laughing-pukeko-farm/,missing,""
todo,farms,new-zealand,Hawke's Bay,Waipukurau,Lindsay Farm,lindsay-farm,_farms/lindsay-farm.md,/farms/new-zealand/lindsay-farm/,missing,""
todo,farms,new-zealand,Wellington,Pirinoa,Little Farms Market Garden,little-farms-market-garden,_farms/little-farms-market-garden.md,/farms/new-zealand/little-farms-market-garden/,missing,""
todo,farms,new-zealand,Manawatū-Whanganui,Palmerston North,Live2Give Organics,live2give-organics,_farms/live2give-organics.md,/farms/new-zealand/live2give-organics/,missing,""
todo,farms,new-zealand,Bay of Plenty,Ngongotaha,Lux Organics,lux-organics-rotorua,_farms/lux-organics-rotorua.md,/farms/new-zealand/lux-organics-rotorua/,missing,""
todo,farms,new-zealand,Hawke's Bay,Otane,Mangarara Family Farm,mangarara-family-farm,_farms/mangarara-family-farm.md,/farms/new-zealand/mangarara-family-farm/,missing,""
todo,farms,new-zealand,Wellington,Martinborough,Martinborough Manor,martinborough-manor,_farms/martinborough-manor.md,/farms/new-zealand/martinborough-manor/,missing,""
todo,farms,new-zealand,Gisborne,Manutuke,Millton Vineyards & Winery,millton-vineyards-winery,_farms/millton-vineyards-winery.md,/farms/new-zealand/millton-vineyards-winery/,missing,""
todo,farms,new-zealand,Canterbury,Scargill Valley,Milmore Downs,milmore-downs,_farms/milmore-downs.md,/farms/new-zealand/milmore-downs/,missing,""
todo,farms,new-zealand,Manawatū-Whanganui,Halcombe,Mingiroa Farm,mingiroa-farm,_farms/mingiroa-farm.md,/farms/new-zealand/mingiroa-farm/,missing,""
todo,farms,new-zealand,Wellington,Paekakariki,Moana Organics,moana-organics,_farms/moana-organics.md,/farms/new-zealand/moana-organics/,missing,""
todo,farms,new-zealand,Otago,Cromwell,Moonscape Wines,moonscape-wines,_farms/moonscape-wines.md,/farms/new-zealand/moonscape-wines/,missing,""
todo,farms,new-zealand,Manawatū-Whanganui,Ōhau,MycoBio (Ohau Gourmet Mushrooms),mycobio-ohau-gourmet-mushrooms,_farms/mycobio-ohau-gourmet-mushrooms.md,/farms/new-zealand/mycobio-ohau-gourmet-mushrooms/,missing,""
todo,farms,new-zealand,Northland,Whangarei,Northland Naturals,northland-naturals,_farms/northland-naturals.md,/farms/new-zealand/northland-naturals/,missing,""
todo,farms,new-zealand,Auckland,Silverdale,Olliff Farm,olliff-farm,_farms/olliff-farm.md,/farms/new-zealand/olliff-farm/,missing,""
todo,farms,new-zealand,Northland,Oromahoe,Oromahoe – Paul's Garden,oromahoe-pauls-garden,_farms/oromahoe-pauls-garden.md,/farms/new-zealand/oromahoe-pauls-garden/,missing,""
todo,farms,new-zealand,Hawke's Bay,Takapau,Pasture Poultry,pasture-poultry,_farms/pasture-poultry.md,/farms/new-zealand/pasture-poultry/,missing,""
todo,farms,new-zealand,Waikato,Parawera,Pikikiruna Organic Farm,pikikiruna-organic-farm,_farms/pikikiruna-organic-farm.md,/farms/new-zealand/pikikiruna-organic-farm/,missing,""
todo,farms,new-zealand,Otago,Bendigo,Quartz Reef,quartz-reef,_farms/quartz-reef.md,/farms/new-zealand/quartz-reef/,missing,""
todo,farms,new-zealand,Wellington,Martinborough,Rebel Gardens,rebel-gardens,_farms/rebel-gardens.md,/farms/new-zealand/rebel-gardens/,missing,""
todo,farms,new-zealand,Wellington,Waikanae,Reikorangi Organic Gardens,reikorangi-organic-gardens,_farms/reikorangi-organic-gardens.md,/farms/new-zealand/reikorangi-organic-gardens/,missing,""
todo,farms,new-zealand,Marlborough,Renwick,Renwick Organic Gardens,renwick-organic-gardens,_farms/renwick-organic-gardens.md,/farms/new-zealand/renwick-organic-gardens/,missing,""
todo,farms,new-zealand,Auckland,Waiheke Island,Revival Market Garden,revival-market-garden,_farms/revival-market-garden.md,/farms/new-zealand/revival-market-garden/,missing,""
todo,farms,new-zealand,Otago,Wanaka,Rippon Vineyard,rippon-vineyard,_farms/rippon-vineyard.md,/farms/new-zealand/rippon-vineyard/,missing,""
todo,farms,new-zealand,Tasman,Riwaka,Riwaka Organics,riwaka-organics,_farms/riwaka-organics.md,/farms/new-zealand/riwaka-organics/,missing,""
todo,farms,new-zealand,Hawke's Bay,Takapau,Sentry Hill Organics,sentry-hill-organics,_farms/sentry-hill-organics.md,/farms/new-zealand/sentry-hill-organics/,missing,""
todo,farms,new-zealand,Marlborough,Renwick,Seresin Estate,seresin-estate,_farms/seresin-estate.md,/farms/new-zealand/seresin-estate/,missing,""
todo,farms,new-zealand,Hawke's Bay,Tutira,Setha's Seeds,sethas-seeds,_farms/sethas-seeds.md,/farms/new-zealand/sethas-seeds/,missing,""
todo,farms,new-zealand,Taranaki,Brixton,Six Acres Farm,six-acres-farm,_farms/six-acres-farm.md,/farms/new-zealand/six-acres-farm/,missing,""
todo,farms,new-zealand,Canterbury,Southbridge,Streamside Organics,streamside-organics,_farms/streamside-organics.md,/farms/new-zealand/streamside-organics/,missing,""
todo,farms,new-zealand,Wellington,Masterton,T Gasper,t-gasper,_farms/t-gasper.md,/farms/new-zealand/t-gasper/,missing,""
todo,farms,new-zealand,Auckland,Auckland,TONZU (Bean Supreme),tonzu-bean-supreme,_farms/tonzu-bean-supreme.md,/farms/new-zealand/tonzu-bean-supreme/,missing,""
todo,farms,new-zealand,Wellington,Te Horo,Te Horo Harvest,te-horo-harvest,_farms/te-horo-harvest.md,/farms/new-zealand/te-horo-harvest/,missing,""
todo,farms,new-zealand,Wellington,Masterton,Te Manaia Organics,te-manaia-organics,_farms/te-manaia-organics.md,/farms/new-zealand/te-manaia-organics/,missing,""
todo,farms,new-zealand,Auckland,Waiheke Island,Te Matuku Grove,te-matuku-grove,_farms/te-matuku-grove.md,/farms/new-zealand/te-matuku-grove/,missing,""
todo,farms,new-zealand,Manawatū-Whanganui,Himatangi Beach,The Egg Project,the-egg-project,_farms/the-egg-project.md,/farms/new-zealand/the-egg-project/,missing,""
todo,farms,new-zealand,Hawke's Bay,Hastings,The Organic Farm,the-organic-farm,_farms/the-organic-farm.md,/farms/new-zealand/the-organic-farm/,missing,""
todo,farms,new-zealand,Auckland,Waiheke Island,The Āta Farm,the-ata-farm,_farms/the-ata-farm.md,/farms/new-zealand/the-ata-farm/,missing,""
todo,farms,new-zealand,Manawatū-Whanganui,Kairanga,Three Oaks Organic Farm,three-oaks-organic-farm,_farms/three-oaks-organic-farm.md,/farms/new-zealand/three-oaks-organic-farm/,missing,""
todo,farms,new-zealand,Auckland,Te Whau,Tidal Organics,tidal-organics,_farms/tidal-organics.md,/farms/new-zealand/tidal-organics/,missing,""
todo,farms,new-zealand,Auckland,Waiheke Island,Uma Rapiti Farm,uma-rapiti-farm,_farms/uma-rapiti-farm.md,/farms/new-zealand/uma-rapiti-farm/,missing,""
todo,farms,new-zealand,Canterbury,Christchurch,Untamed Earth,untamed-earth,_farms/untamed-earth.md,/farms/new-zealand/untamed-earth/,missing,""
todo,farms,new-zealand,Wellington,Greytown,Vagabond Vege,vagabond-vege,_farms/vagabond-vege.md,/farms/new-zealand/vagabond-vege/,missing,""
todo,farms,new-zealand,Northland,Kaikohe,Waima Hill Organic Beef,waima-hill-organic-beef,_farms/waima-hill-organic-beef.md,/farms/new-zealand/waima-hill-organic-beef/,missing,""
todo,farms,new-zealand,Canterbury,Geraldine,Waipuna Pastures,waipuna-pastures,_farms/waipuna-pastures.md,/farms/new-zealand/waipuna-pastures/,missing,""
todo,farms,new-zealand,Wellington,Pirinoa,Wharerata Farm,wharerata-farm,_farms/wharerata-farm.md,/farms/new-zealand/wharerata-farm/,missing,""
todo,farms,new-zealand,Coromandel,Whitianga,Wilderland Organics,wilderland-organics-whitianga,_farms/wilderland-organics-whitianga.md,/farms/new-zealand/wilderland-organics-whitianga/,missing,""
todo,farms,new-zealand,Manawatū-Whanganui,Palmerston North,Wind River Organics,wind-river-organics,_farms/wind-river-organics.md,/farms/new-zealand/wind-river-organics/,missing,""
todo,farms,new-zealand,Manawatū-Whanganui,Kairanga,Woodhouse Farm Organics,woodhouse-farm-organics,_farms/woodhouse-farm-organics.md,/farms/new-zealand/woodhouse-farm-organics/,missing,""
todo,farms,new-zealand,Wellington,Lower Hutt,Zany Zeus,zany-zeus,_farms/zany-zeus.md,/farms/new-zealand/zany-zeus/,missing,""
todo,farms,new-zealand,Waikato,Gordonton,Zealong Tea Estate,zealong-tea-estate,_farms/zealong-tea-estate.md,/farms/new-zealand/zealong-tea-estate/,missing,""
todo,farms,country-slug,Region or state,City or town,Name of farm,farm-slug,_farms/_template.md,/farms/country-slug/farm-slug/,missing,""
todo,markets,new-zealand,Canterbury,Hurunui,Amberley Farmers Market,amberley-farmers-market,_markets/amberley-farmers-market.md,/markets/new-zealand/amberley-farmers-market/,missing,""
todo,markets,new-zealand,Northland,Kerikeri,Bay of Islands Farmers Market – Kerikeri,bay-of-islands-farmers-market-kerikeri,_markets/bay-of-islands-farmers-market-kerikeri.md,/markets/new-zealand/bay-of-islands-farmers-market-kerikeri/,missing,""
todo,markets,new-zealand,Northland,Paihia,Bay of Islands Farmers Market – Paihia,bay-of-islands-farmers-market-paihia,_markets/bay-of-islands-farmers-market-paihia.md,/markets/new-zealand/bay-of-islands-farmers-market-paihia/,missing,""
todo,markets,new-zealand,Waikato,Cambridge,Cambridge Farmers Market,cambridge-farmers-market,_markets/cambridge-farmers-market.md,/markets/new-zealand/cambridge-farmers-market/,missing,""
todo,markets,new-zealand,Canterbury,Christchurch,Christchurch Farmers’ Market,christchurch-farmers-market,_markets/christchurch-farmers-market.md,/markets/new-zealand/christchurch-farmers-market/,missing,""
todo,markets,new-zealand,Auckland,Manukau,Clevedon Village Farmers Market,clevedon-village-farmers-market,_markets/clevedon-village-farmers-market.md,/markets/new-zealand/clevedon-village-farmers-market/,missing,""
todo,markets,new-zealand,Coromandel,Coromandel,Coromandel Town Homegrown Community Market,coromandel-homegrown-community-market,_markets/coromandel-homegrown-community-market.md,/markets/new-zealand/coromandel-homegrown-community-market/,missing,""
todo,markets,new-zealand,Manawatū-Whanganui,Manawatū,Feilding Farmers Market,feilding-farmers-market,_markets/feilding-farmers-market.md,/markets/new-zealand/feilding-farmers-market/,missing,""
todo,markets,new-zealand,Canterbury,Christchurch,Ferrymead Night Market,ferrymead-night-market,_markets/ferrymead-night-market.md,/markets/new-zealand/ferrymead-night-market/,missing,""
todo,markets,new-zealand,Gisborne,Gisborne,Gisborne Farmers Market,gisborne-farmers-market,_markets/gisborne-farmers-market.md,/markets/new-zealand/gisborne-farmers-market/,missing,""
todo,markets,new-zealand,Auckland,Auckland,Grey Lynn Farmers Market,grey-lynn-farmers-market,_markets/grey-lynn-farmers-market.md,/markets/new-zealand/grey-lynn-farmers-market/,missing,""
todo,markets,new-zealand,Waikato,Hamilton,Hamilton Farmers Market,hamilton-farmers-market,_markets/hamilton-farmers-market.md,/markets/new-zealand/hamilton-farmers-market/,missing,""
todo,markets,new-zealand,Wellington,Te Aro,Harbour Harvest Market,harbour-harvest-market,_markets/harbour-harvest-market.md,/markets/new-zealand/harbour-harvest-market/,missing,""
todo,markets,new-zealand,Hawke's Bay,Hastings,Hawke’s Bay Farmers Market (Hastings),hawke-s-bay-farmers-market-hastings,_markets/hawke-s-bay-farmers-market-hastings.md,/markets/new-zealand/hawke-s-bay-farmers-market-hastings/,missing,""
todo,markets,new-zealand,Wellington,Wellington,Hill Street Farmers Market,hill-street-farmers-market,_markets/hill-street-farmers-market.md,/markets/new-zealand/hill-street-farmers-market/,missing,""
todo,markets,new-zealand,Wellington,Paraparaumu,Kapiti Coast Farmers Market,kapiti-coast-farmers-market,_markets/kapiti-coast-farmers-market.md,/markets/new-zealand/kapiti-coast-farmers-market/,missing,""
todo,markets,new-zealand,Canterbury,Christchurch,Lyttelton Farmers Market,lyttelton-farmers-market,_markets/lyttelton-farmers-market.md,/markets/new-zealand/lyttelton-farmers-market/,missing,""
todo,markets,new-zealand,Marlborough,Blenheim,Marlborough Farmers Market,marlborough-farmers-market,_markets/marlborough-farmers-market.md,/markets/new-zealand/marlborough-farmers-market/,missing,""
todo,markets,new-zealand,Auckland,Matakana,Matakana Village Farmers' Market,matakana-village-farmers-market,_markets/matakana-village-farmers-market.md,/markets/new-zealand/matakana-village-farmers-market/,missing,""
todo,markets,new-zealand,Tasman,Motueka,Motueka Sunday Market,motueka-sunday-market,_markets/motueka-sunday-market.md,/markets/new-zealand/motueka-sunday-market/,missing,""
todo,markets,new-zealand,Hawke's Bay,Napier,Napier Urban Farmers Market,napier-urban-farmers-market,_markets/napier-urban-farmers-market.md,/markets/new-zealand/napier-urban-farmers-market/,missing,""
todo,markets,new-zealand,Northland,Whangārei,Northland Farmers Market,northland-farmers-market-whangarei,_markets/northland-farmers-market.md,/markets/new-zealand/northland-farmers-market-whangarei/,missing,""
todo,markets,new-zealand,Otago,Oamaru,Oamaru Organics,oamaru-organics,_markets/oamaru-organics.md,/markets/new-zealand/oamaru-organics/,missing,""
todo,markets,new-zealand,Canterbury,Ohoka,Ohoka Farmers Market,ohoka-farmers-market,_markets/ohoka-farmers-market.md,/markets/new-zealand/ohoka-farmers-market/,missing,""
todo,markets,new-zealand,Auckland,Matakana,Original Matakana Market,original-matakana-market,_markets/original-matakana-market.md,/markets/new-zealand/original-matakana-market/,missing,""
todo,markets,new-zealand,Otago,Dunedin,Otago Farmers Market (Dunedin),otago-farmers-market-dunedin,_markets/otago-farmers-market-dunedin.md,/markets/new-zealand/otago-farmers-market-dunedin/,missing,""
todo,markets,new-zealand,Manawatū-Whanganui,Palmerston North,Palmerston North Farmers Market,palmerston-north-farmers-market,_markets/palmerston-north-farmers-market.md,/markets/new-zealand/palmerston-north-farmers-market/,missing,""
todo,markets,new-zealand,Auckland,Auckland,Parnell Farmers Market,parnell-farmers-market,_markets/parnell-farmers-market.md,/markets/new-zealand/parnell-farmers-market/,missing,""
todo,markets,new-zealand,Waikato,Raglan,Rangitahi Farmers Market,rangitahi-farmers-market,_markets/rangitahi-farmers-market.md,/markets/new-zealand/rangitahi-farmers-market/,missing,""
todo,markets,new-zealand,Otago,Queenstown,Remarkables Market,remarkables-market-queenstown,_markets/remarkables-market-queenstown.md,/markets/new-zealand/remarkables-market-queenstown/,missing,""
todo,markets,new-zealand,Canterbury,Christchurch,Riccarton Sunday Market,riccarton-sunday-market,_markets/riccarton-sunday-market.md,/markets/new-zealand/riccarton-sunday-market/,missing,""
todo,markets,new-zealand,Canterbury,Christchurch,Riverside Market (Christchurch),riverside-market-christchurch,_markets/riverside-market-christchurch.md,/markets/new-zealand/riverside-market-christchurch/,missing,""
todo,markets,new-zealand,Bay of Plenty,Rotorua,Rotorua Farmers Market,rotorua-farmers-market,_markets/rotorua-farmers-market.md,/markets/new-zealand/rotorua-farmers-market/,missing,""
todo,markets,new-zealand,Canterbury,Christchurch,South Christchurch Farmers' Market,south-christchurch-farmers-market,_markets/south-christchurch-farmers-market.md,/markets/new-zealand/south-christchurch-farmers-market/,missing,""
todo,markets,new-zealand,Southland,Invercargill,Southern Farmers Market (Invercargill),southern-farmers-market-invercargill,_markets/southern-farmers-market-invercargill.md,/markets/new-zealand/southern-farmers-market-invercargill/,missing,""
todo,markets,new-zealand,Taranaki,New Plymouth,Taranaki Farmers Market,taranaki-farmers-market,_markets/taranaki-farmers-market.md,/markets/new-zealand/taranaki-farmers-market/,missing,""
todo,markets,new-zealand,Waikato,Waipa,Te Awamutu Produce Market,te-awamutu-produce-market,_markets/te-awamutu-produce-market.md,/markets/new-zealand/te-awamutu-produce-market/,missing,""
todo,markets,new-zealand,Northland,Kerikeri,The Old Packhouse Market,old-packhouse-market,_markets/old-packhouse-market.md,/markets/new-zealand/old-packhouse-market/,missing,""
todo,markets,new-zealand,Canterbury,Christchurch,Vegan Night Mākete,vegan-night-makete,_markets/vegan-night-makete.md,/markets/new-zealand/vegan-night-makete/,missing,""
todo,markets,new-zealand,Wellington,Wellington,Wellington Harbourside Market,wellington-harbourside-market,_markets/wellington-harbourside-market.md,/markets/new-zealand/wellington-harbourside-market/,missing,""
todo,markets,new-zealand,West Coast,Greymouth,West Coast Farmers Market,west-coast-farmers-market-greymouth,_markets/west-coast-farmers-market-greymouth.md,/markets/new-zealand/west-coast-farmers-market-greymouth/,missing,""
todo,markets,new-zealand,Manawatū-Whanganui,Whanganui,Whanganui River Markets,whanganui-river-markets,_markets/whanganui-river-markets.md,/markets/new-zealand/whanganui-river-markets/,missing,""
todo,markets,new-zealand,Northland,Whangārei,Whangarei Growers Market,whangarei-growers-market,_markets/whangarei-growers-market.md,/markets/new-zealand/whangarei-growers-market/,missing,""
todo,markets,new-zealand,Otago,Wānaka,Wānaka Farmers Market,wanaka-farmers-market,_markets/wanaka-farmers-market.md,/markets/new-zealand/wanaka-farmers-market/,missing,""
todo,markets,australia,Victoria,Ballarat,Ballarat Farmers Market,ballarat-farmers-market,_markets/ballarat-farmers-market.md,/markets/australia/ballarat-farmers-market/,missing,""
todo,markets,australia,New South Wales,Bangalow,Bangalow Farmers Market,bangalow-farmers-market,_markets/bangalow-farmers-market.md,/markets/australia/bangalow-farmers-market/,missing,""
todo,markets,australia,Victoria,Bendigo,Bendigo Community Farmers Market,bendigo-community-farmers-market,_markets/bendigo-community-farmers-market.md,/markets/australia/bendigo-community-farmers-market/,missing,""
todo,markets,australia,New South Wales,Byron Bay,Byron Bay Farmers Market,byron-bay-farmers-market,_markets/byron-bay-farmers-market.md,/markets/australia/byron-bay-farmers-market/,missing,""
todo,markets,australia,Victoria,Melbourne,Coburg Farmers Market,coburg-farmers-market,_markets/coburg-farmers-market.md,/markets/australia/coburg-farmers-market/,missing,""
todo,markets,australia,Victoria,Melbourne,Gasworks Farmers Market,gasworks-farmers-market,_markets/gasworks-farmers-market.md,/markets/australia/gasworks-farmers-market/,missing,""
todo,markets,australia,Queensland,Brisbane,Jan Powers Farmers Market (Manly),jan-powers-farmers-market-manly,_markets/jan-powers-farmers-market-manly.md,/markets/australia/jan-powers-farmers-market-manly/,missing,""
todo,markets,australia,Queensland,Brisbane,Jan Powers Farmers Market (Mitchelton),jan-powers-farmers-market-mitchelton,_markets/jan-powers-farmers-market-mitchelton.md,/markets/australia/jan-powers-farmers-market-mitchelton/,missing,""
todo,markets,australia,Queensland,Brisbane,Jan Powers Farmers Market (Powerhouse),jan-powers-farmers-market-powerhouse,_markets/jan-powers-farmers-market-powerhouse.md,/markets/australia/jan-powers-farmers-market-powerhouse/,missing,""
todo,markets,australia,Victoria,Mansfield,Mansfield Farmers Market,mansfield-farmers-market,_markets/mansfield-farmers-market.md,/markets/australia/mansfield-farmers-market/,missing,""
todo,markets,australia,Victoria,Melbourne,Mornington Peninsula Farmers Market,mornington-peninsula-farmers-market,_markets/mornington-peninsula-farmers-market.md,/markets/australia/mornington-peninsula-farmers-market/,missing,""
todo,markets,australia,New South Wales,Mullumbimby,Mullumbimby Farmers Market,mullumbimby-farmers-market,_markets/mullumbimby-farmers-market.md,/markets/australia/mullumbimby-farmers-market/,missing,""
todo,markets,australia,Queensland,Brisbane,Northey Street Organic Farmers Market,northey-street-organic-farmers-market,_markets/northey-street-organic-farmers-market.md,/markets/australia/northey-street-organic-farmers-market/,missing,""
todo,markets,australia,Victoria,Melbourne,Queen Victoria Market,queen-victoria-market,_markets/queen-victoria-market.md,/markets/australia/queen-victoria-market/,missing,""
todo,markets,australia,Victoria,Melbourne,Veg Out St Kilda Farmers' Market,veg-out-st-kilda-farmers-market,_markets/veg-out-st-kilda-farmers-market.md,/markets/australia/veg-out-st-kilda-farmers-market/,missing,""
todo,markets,country-slug,Region or state,City or town,Market name,market-slug,_markets/_template.md,/markets/country-slug/market-slug/,missing,""
todo,restaurants,new-zealand,Otago,Queenstown,11th Avenue by Frank’s,11th-avenue-by-franks-queenstown,_restaurants/11th-avenue-by-franks-queenstown.md,/restaurants/new-zealand/11th-avenue-by-franks-queenstown/,missing,""
todo,restaurants,new-zealand,Auckland,Oneroa,Akito Eatery,akito-eatery,_restaurants/akito-eatery.md,/restaurants/new-zealand/akito-eatery/,missing,""
todo,restaurants,new-zealand,Canterbury,Methven,Alpine Grind (Methven),alpine-grind-methven,_restaurants/alpine-grind-methven.md,/restaurants/new-zealand/alpine-grind-methven/,missing,""
todo,restaurants,new-zealand,Canterbury,Timaru,Amore Food Shop & Cafe,amore-food-shop-cafe-timaru,_restaurants/amore-food-shop-cafe-timaru.md,/restaurants/new-zealand/amore-food-shop-cafe-timaru/,missing,""
todo,restaurants,new-zealand,Auckland,Palm Beach,Arcadia Restaurant,arcadia-restaurant-waiheke,_restaurants/arcadia-restaurant-waiheke.md,/restaurants/new-zealand/arcadia-restaurant-waiheke/,missing,""
todo,restaurants,new-zealand,Wellington,Wellington,Aro Cafe,aro-cafe-wellington,_restaurants/aro-cafe-wellington.md,/restaurants/new-zealand/aro-cafe-wellington/,missing,""
todo,restaurants,new-zealand,Canterbury,Christchurch,Barefoot Eatery,barefoot-eatery-christchurch,_restaurants/barefoot-eatery-christchurch.md,/restaurants/new-zealand/barefoot-eatery-christchurch/,missing,""
todo,restaurants,new-zealand,Canterbury,Waipara,Black Estate (Waipara),black-estate-waipara,_restaurants/black-estate-waipara.md,/restaurants/new-zealand/black-estate-waipara/,missing,""
todo,restaurants,new-zealand,Otago,Queenstown,Bostock Organic Kitchen Queenstown,bostock-organic-kitchen-queenstown,_restaurants/bostock-organic-kitchen-queenstown.md,/restaurants/new-zealand/bostock-organic-kitchen-queenstown/,missing,""
todo,restaurants,new-zealand,Coromandel,Thames,Camina,camina-thames,_restaurants/camina-thames.md,/restaurants/new-zealand/camina-thames/,missing,""
todo,restaurants,new-zealand,Canterbury,Christchurch,Cellar Door (Christchurch),cellar-door-christchurch,_restaurants/cellar-door-christchurch.md,/restaurants/new-zealand/cellar-door-christchurch/,missing,""
todo,restaurants,new-zealand,Northland,Paihia,Charlotte's Kitchen,charlottes-kitchen-paihia,_restaurants/charlottes-kitchen-paihia.md,/restaurants/new-zealand/charlottes-kitchen-paihia/,missing,""
todo,restaurants,new-zealand,Hawke's Bay,Havelock North,Craggy Range Restaurant,craggy-range-restaurant,_restaurants/craggy-range-restaurant.md,/restaurants/new-zealand/craggy-range-restaurant/,missing,""
todo,restaurants,new-zealand,Otago,Wānaka,Dripping Bowl,dripping-bowl-wanaka,_restaurants/dripping-bowl-wanaka.md,/restaurants/new-zealand/dripping-bowl-wanaka/,missing,""
todo,restaurants,new-zealand,Auckland,Auckland,East Restaurant,east-restaurant-auckland,_restaurants/east-restaurant-auckland.md,/restaurants/new-zealand/east-restaurant-auckland/,missing,""
todo,restaurants,new-zealand,Otago,Queenstown,Eatery by Frank’s,eatery-by-franks-queenstown,_restaurants/eatery-by-franks-queenstown.md,/restaurants/new-zealand/eatery-by-franks-queenstown/,missing,""
todo,restaurants,new-zealand,Otago,Wānaka,Federal Diner,federal-diner-wanaka,_restaurants/federal-diner-wanaka.md,/restaurants/new-zealand/federal-diner-wanaka/,missing,""
todo,restaurants,new-zealand,Canterbury,Christchurch,Gatherings,gatherings-christchurch,_restaurants/gatherings-christchurch.md,/restaurants/new-zealand/gatherings-christchurch/,missing,""
todo,restaurants,new-zealand,Taranaki,New Plymouth,Govett-Brewster Cafe (Monica's Eatery),govett-brewster-cafe,_restaurants/govett-brewster-cafe.md,/restaurants/new-zealand/govett-brewster-cafe/,missing,""
todo,restaurants,new-zealand,Wellington,Wellington,GreenLand Cafe,greenland-cafe-wellington,_restaurants/greenland-cafe-wellington.md,/restaurants/new-zealand/greenland-cafe-wellington/,missing,""
todo,restaurants,new-zealand,Canterbury,Waipara,Greystone Cellar Door & Restaurant,greystone-wines-waipara,_restaurants/greystone-wines-waipara.md,/restaurants/new-zealand/greystone-wines-waipara/,missing,""
todo,restaurants,new-zealand,Hawke's Bay,Napier,Hapi Organic Cafe & Maara,hapi-organic-cafe-napier,_restaurants/hapi-organic-cafe-napier.md,/restaurants/new-zealand/hapi-organic-cafe-napier/,missing,""
todo,restaurants,new-zealand,Marlborough,Blenheim,Harvest Restaurant,harvest-restaurant-blenheim,_restaurants/harvest-restaurant-blenheim.md,/restaurants/new-zealand/harvest-restaurant-blenheim/,missing,""
todo,restaurants,new-zealand,Hawke's Bay,Te Awanga,Hygge at Clifton Bay,hygge-at-clifton-bay,_restaurants/hygge-at-clifton-bay.md,/restaurants/new-zealand/hygge-at-clifton-bay/,missing,""
todo,restaurants,new-zealand,Canterbury,Christchurch,Ilex Cafe Botanic Gardens,ilex-cafe-botanic-gardens,_restaurants/ilex-cafe-botanic-gardens.md,/restaurants/new-zealand/ilex-cafe-botanic-gardens/,missing,""
todo,restaurants,new-zealand,Auckland,Takapuna,Jam Organic Cafe,jam-organic-cafe-takapuna,_restaurants/jam-organic-cafe-takapuna.md,/restaurants/new-zealand/jam-organic-cafe-takapuna/,missing,""
todo,restaurants,new-zealand,Manawatū-Whanganui,Whanganui,Kakariki Kitchen,kakariki-kitchen-whanganui,_restaurants/kakariki-kitchen-whanganui.md,/restaurants/new-zealand/kakariki-kitchen-whanganui/,missing,""
todo,restaurants,new-zealand,Wellington,Newtown,Kopupako Kitchen,kopupako-kitchen,_restaurants/kopupako-kitchen.md,/restaurants/new-zealand/kopupako-kitchen/,missing,""
todo,restaurants,new-zealand,Auckland,Ponsonby,Little Bird Kitchen,little-bird-kitchen-auckland,_restaurants/little-bird-kitchen-auckland.md,/restaurants/new-zealand/little-bird-kitchen-auckland/,missing,""
todo,restaurants,new-zealand,Canterbury,Christchurch,Little Poms,little-poms,_restaurants/little-poms.md,/restaurants/new-zealand/little-poms/,missing,""
todo,restaurants,new-zealand,Waikato,Matatoki,Matatoki Cheese Barn,matatoki-cheese-barn,_restaurants/matatoki-cheese-barn.md,/restaurants/new-zealand/matatoki-cheese-barn/,missing,""
todo,restaurants,new-zealand,Auckland,Auckland,Misters,misters-auckland,_restaurants/misters-auckland.md,/restaurants/new-zealand/misters-auckland/,missing,""
todo,restaurants,new-zealand,Auckland,Oneroa,Mudbrick Vineyard & Restaurant,mudbrick-vineyard-and-restaurant,_restaurants/mudbrick-vineyard-and-restaurant.md,/restaurants/new-zealand/mudbrick-vineyard-and-restaurant/,missing,""
todo,restaurants,new-zealand,Wellington,Wellington,Neo Cafe & Eatery,neo-cafe-wellington,_restaurants/neo-cafe-wellington.md,/restaurants/new-zealand/neo-cafe-wellington/,missing,""
todo,restaurants,new-zealand,Otago,Wānaka,Ode Conscious Dining,ode-conscious-dining,_restaurants/ode-conscious-dining.md,/restaurants/new-zealand/ode-conscious-dining/,missing,""
todo,restaurants,new-zealand,Otago,Queenstown,Odelay Cafe,odelay-cafe-queenstown,_restaurants/odelay-cafe-queenstown.md,/restaurants/new-zealand/odelay-cafe-queenstown/,missing,""
todo,restaurants,new-zealand,Auckland,Auckland,Origine Bistro,origine-bistro-auckland,_restaurants/origine-bistro-auckland.md,/restaurants/new-zealand/origine-bistro-auckland/,missing,""
todo,restaurants,new-zealand,Northland,Russell,Paroa Bay Winery & Sage Restaurant,paroa-bay-winery-sage,_restaurants/paroa-bay-winery-sage.md,/restaurants/new-zealand/paroa-bay-winery-sage/,missing,""
todo,restaurants,new-zealand,Canterbury,Christchurch,Pomeroy's Old Brewery Inn,pomeroys-old-brewery-inn,_restaurants/pomeroys-old-brewery-inn.md,/restaurants/new-zealand/pomeroys-old-brewery-inn/,missing,""
todo,restaurants,new-zealand,Canterbury,Christchurch,Quad Eatery,quad-eatery-christchurch,_restaurants/quad-eatery-christchurch.md,/restaurants/new-zealand/quad-eatery-christchurch/,missing,""
todo,restaurants,new-zealand,Manawatū-Whanganui,Taihape,River Valley Kitchen,river-valley-kitchen-taihape,_restaurants/river-valley-kitchen-taihape.md,/restaurants/new-zealand/river-valley-kitchen-taihape/,missing,""
todo,restaurants,new-zealand,Auckland,Matakana,Sawmill Brewery & Smoko Room,sawmill-smoko-room-matakana,_restaurants/sawmill-smoko-room-matakana.md,/restaurants/new-zealand/sawmill-smoko-room-matakana/,missing,""
todo,restaurants,new-zealand,Waikato,Raglan,Solscape – The Conscious Kitchen,solscape-conscious-kitchen,_restaurants/solscape-conscious-kitchen.md,/restaurants/new-zealand/solscape-conscious-kitchen/,missing,""
todo,restaurants,new-zealand,Auckland,Takapuna,Street Organics,street-organics-takapuna,_restaurants/street-organics-takapuna.md,/restaurants/new-zealand/street-organics-takapuna/,missing,""
todo,restaurants,new-zealand,Otago,Dunedin,Taste Nature Kitchen,taste-nature-kitchen-dunedin,_restaurants/taste-nature-kitchen-dunedin.md,/restaurants/new-zealand/taste-nature-kitchen-dunedin/,missing,""
todo,restaurants,new-zealand,Otago,Dunedin,The Good Earth Cafe,good-earth-cafe-dunedin,_restaurants/good-earth-cafe-dunedin.md,/restaurants/new-zealand/good-earth-cafe-dunedin/,missing,""
todo,restaurants,new-zealand,Canterbury,Christchurch,The Lotus-Heart,the-lotus-heart-christchurch,_restaurants/the-lotus-heart-christchurch.md,/restaurants/new-zealand/the-lotus-heart-christchurch/,missing,""
todo,restaurants,new-zealand,Wellington,Wellington,The Old Quarter,old-quarter-wellington,_restaurants/old-quarter-wellington.md,/restaurants/new-zealand/old-quarter-wellington/,missing,""
todo,restaurants,new-zealand,Canterbury,Christchurch,The Origin,the-origin-christchurch,_restaurants/the-origin-christchurch.md,/restaurants/new-zealand/the-origin-christchurch/,missing,""
todo,restaurants,new-zealand,Coromandel,Coromandel,The Pepper Tree Restaurant,pepper-tree-coromandel,_restaurants/pepper-tree-coromandel.md,/restaurants/new-zealand/pepper-tree-coromandel/,missing,""
todo,restaurants,new-zealand,Northland,Paihia,The Sanctuary (Bay of Islands),the-sanctuary-bay-of-islands,_restaurants/the-sanctuary-bay-of-islands.md,/restaurants/new-zealand/the-sanctuary-bay-of-islands/,missing,""
todo,restaurants,new-zealand,Tasman,Motueka,Toad Hall Café & Store,toad-hall-motueka,_restaurants/toad-hall-motueka.md,/restaurants/new-zealand/toad-hall-motueka/,missing,""
todo,restaurants,new-zealand,Tasman,Takaka,Wholemeal Cafe,wholemeal-cafe-takaka,_restaurants/wholemeal-cafe-takaka.md,/restaurants/new-zealand/wholemeal-cafe-takaka/,missing,""
todo,restaurants,australia,Queensland,Gold Coast,BSKT Cafe,bskt-cafe,_restaurants/bskt-cafe.md,/restaurants/australia/bskt-cafe/,missing,""
todo,restaurants,australia,New South Wales,Byron Bay,Byron Fresh Cafe,byron-fresh-cafe,_restaurants/byron-fresh-cafe.md,/restaurants/australia/byron-fresh-cafe/,missing,""
todo,restaurants,australia,Victoria,Melbourne,Cassette,cassette-kensington,_restaurants/cassette-kensington.md,/restaurants/australia/cassette-kensington/,missing,""
todo,restaurants,australia,Queensland,Gold Coast,Cheek Cafe,cheek-cafe,_restaurants/cheek-cafe.md,/restaurants/australia/cheek-cafe/,missing,""
todo,restaurants,australia,New South Wales,Grafton,Clarence Kitchen Collective,clarence-kitchen-collective,_restaurants/clarence-kitchen-collective.md,/restaurants/australia/clarence-kitchen-collective/,missing,""
todo,restaurants,australia,New South Wales,Ballina,Coffee & Kitchen,coffee-and-kitchen-ballina,_restaurants/coffee-and-kitchen-ballina.md,/restaurants/australia/coffee-and-kitchen-ballina/,missing,""
todo,restaurants,australia,Victoria,Melbourne,Combi,combi-elwood,_restaurants/combi-elwood.md,/restaurants/australia/combi-elwood/,missing,""
todo,restaurants,australia,Queensland,Gold Coast,Commune Cafe,commune-cafe-burleigh,_restaurants/commune-cafe-burleigh.md,/restaurants/australia/commune-cafe-burleigh/,missing,""
todo,restaurants,australia,New South Wales,Tweed Heads,Farm & Co,farm-and-co,_restaurants/farm-and-co.md,/restaurants/australia/farm-and-co/,missing,""
todo,restaurants,australia,Queensland,Gold Coast,Freeman's Organic Farm,freemans-organic-farm,_restaurants/freemans-organic-farm.md,/restaurants/australia/freemans-organic-farm/,missing,""
todo,restaurants,australia,New South Wales,Byron Bay,Frida's Field,fridas-field,_restaurants/fridas-field.md,/restaurants/australia/fridas-field/,missing,""
todo,restaurants,australia,Victoria,Melbourne,Friends of the Earth Food Co-op & Cafe,friends-of-the-earth-cafe,_restaurants/friends-of-the-earth-cafe.md,/restaurants/australia/friends-of-the-earth-cafe/,missing,""
todo,restaurants,australia,Victoria,Melbourne,Merri Cafe,merri-cafe,_restaurants/merri-cafe.md,/restaurants/australia/merri-cafe/,missing,""
todo,restaurants,australia,Victoria,Melbourne,Mesa Verde,mesa-verde,_restaurants/mesa-verde.md,/restaurants/australia/mesa-verde/,missing,""
todo,restaurants,australia,New South Wales,Kyogle,Minori Pantry,minori-pantry,_restaurants/minori-pantry.md,/restaurants/australia/minori-pantry/,missing,""
todo,restaurants,australia,Victoria,Melbourne,O.MY Restaurant,o-my-restaurant,_restaurants/o-my-restaurant.md,/restaurants/australia/o-my-restaurant/,missing,""
todo,restaurants,australia,Queensland,Brisbane,Putia Pure Food Kitchen,putia-pure-food-kitchen,_restaurants/putia-pure-food-kitchen.md,/restaurants/australia/putia-pure-food-kitchen/,missing,""
todo,restaurants,australia,Queensland,Gold Coast,Rudy's Real Food,rudys-real-food,_restaurants/rudys-real-food.md,/restaurants/australia/rudys-real-food/,missing,""
todo,restaurants,australia,Victoria,Melbourne,Seedling Cafe,seedling-cafe,_restaurants/seedling-cafe.md,/restaurants/australia/seedling-cafe/,missing,""
todo,restaurants,australia,Queensland,Brisbane,Sippy Tom,sippy-tom,_restaurants/sippy-tom.md,/restaurants/australia/sippy-tom/,missing,""
todo,restaurants,australia,Queensland,Gold Coast,Stable at Cornerstone,stable-at-cornerstone,_restaurants/stable-at-cornerstone.md,/restaurants/australia/stable-at-cornerstone/,missing,""
todo,restaurants,australia,Victoria,Mornington Peninsula,Ten Minutes by Tractor,ten-minutes-by-tractor,_restaurants/ten-minutes-by-tractor.md,/restaurants/australia/ten-minutes-by-tractor/,missing,""
todo,restaurants,australia,Victoria,Melbourne,Walk Don't Run,walk-dont-run,_restaurants/walk-dont-run.md,/restaurants/australia/walk-dont-run/,missing,""
todo,restaurants,australia,Queensland,Gold Coast,Wholefood Pantry Palm Beach,wholefood-pantry-palm-beach,_restaurants/wholefood-pantry-palm-beach.md,/restaurants/australia/wholefood-pantry-palm-beach/,missing,""
todo,restaurants,australia,Victoria,Yarra Valley,Wild About Wellbeing Farm,wild-about-wellbeing-farm,_restaurants/wild-about-wellbeing-farm.md,/restaurants/australia/wild-about-wellbeing-farm/,missing,""
todo,restaurants,country-slug,Region or state,City or town,Restaurant or café name,restaurant-slug,_restaurants/_template.md,/restaurants/country-slug/restaurant-slug/,missing,""
todo,stores,new-zealand,Otago,Alexandra,Alexandra Everest Mart,alexandra-everest-mart,_stores/alexandra-everest-mart.md,/stores/new-zealand/alexandra-everest-mart/,missing,""
todo,stores,new-zealand,Marlborough,Blenheim,Anita’s Organic Store,anitas-organic-store-blenheim,_stores/anitas-organic-store-blenheim.md,/stores/new-zealand/anitas-organic-store-blenheim/,missing,""
todo,stores,new-zealand,Canterbury,Christchurch,Beckenham Butchery,beckenham-butchery,_stores/beckenham-butchery.md,/stores/new-zealand/beckenham-butchery/,missing,""
todo,stores,new-zealand,Tasman,Motueka,BeetRoot Groceries,beetroot-groceries,_stores/beetroot-groceries.md,/stores/new-zealand/beetroot-groceries/,missing,""
todo,stores,new-zealand,Tasman,Nelson,Benge & Co Organics,benge-and-co-organics-nelson,_stores/benge-and-co-organics-nelson.md,/stores/new-zealand/benge-and-co-organics-nelson/,missing,""
todo,stores,new-zealand,Bay of Plenty,Tauranga,Bin Inn Bethlehem,bin-inn-bethlehem,_stores/bin-inn-bethlehem.md,/stores/new-zealand/bin-inn-bethlehem/,missing,""
todo,stores,new-zealand,Marlborough,Blenheim,Bin Inn Blenheim,bin-inn-blenheim,_stores/bin-inn-blenheim.md,/stores/new-zealand/bin-inn-blenheim/,missing,""
todo,stores,new-zealand,Auckland,Auckland,Bin Inn Browns Bay,bin-inn-browns-bay,_stores/bin-inn-browns-bay.md,/stores/new-zealand/bin-inn-browns-bay/,missing,""
todo,stores,new-zealand,Canterbury,Christchurch,Bin Inn Burnside (Chch),bin-inn-burnside-chch,_stores/bin-inn-burnside-chch.md,/stores/new-zealand/bin-inn-burnside-chch/,missing,""
todo,stores,new-zealand,Waikato,Hamilton,Bin Inn Dinsdale,bin-inn-dinsdale,_stores/bin-inn-dinsdale.md,/stores/new-zealand/bin-inn-dinsdale/,missing,""
todo,stores,new-zealand,Otago,Dunedin,Bin Inn Dunedin,bin-inn-dunedin,_stores/bin-inn-dunedin.md,/stores/new-zealand/bin-inn-dunedin/,missing,""
todo,stores,new-zealand,Manawatū-Whanganui,Manawatū,Bin Inn Feilding,bin-inn-feilding,_stores/bin-inn-feilding.md,/stores/new-zealand/bin-inn-feilding/,missing,""
todo,stores,new-zealand,Gisborne,Gisborne,Bin Inn Gisborne,bin-inn-gisborne,_stores/bin-inn-gisborne.md,/stores/new-zealand/bin-inn-gisborne/,missing,""
todo,stores,new-zealand,Auckland,Auckland,Bin Inn Glenfield,bin-inn-glenfield,_stores/bin-inn-glenfield.md,/stores/new-zealand/bin-inn-glenfield/,missing,""
todo,stores,new-zealand,Waikato,Hamilton,Bin Inn Hamilton East,bin-inn-hamilton-east,_stores/bin-inn-hamilton-east.md,/stores/new-zealand/bin-inn-hamilton-east/,missing,""
todo,stores,new-zealand,Hawke's Bay,Napier,Bin Inn Hastings (Taradale),bin-inn-hastings-taradale,_stores/bin-inn-hastings-taradale.md,/stores/new-zealand/bin-inn-hastings-taradale/,missing,""
todo,stores,new-zealand,Auckland,Auckland,Bin Inn Howick,bin-inn-howick,_stores/bin-inn-howick.md,/stores/new-zealand/bin-inn-howick/,missing,""
todo,stores,new-zealand,Northland,Whangārei,Bin Inn Kamo,bin-inn-kamo,_stores/bin-inn-kamo.md,/stores/new-zealand/bin-inn-kamo/,missing,""
todo,stores,new-zealand,Wellington,Kapiti Coast,Bin Inn Kapiti (Paraparaumu),bin-inn-kapiti-paraparaumu,_stores/bin-inn-kapiti-paraparaumu.md,/stores/new-zealand/bin-inn-kapiti-paraparaumu/,missing,""
todo,stores,new-zealand,Canterbury,Christchurch,Bin Inn Lincoln Rd (Chch),bin-inn-lincoln-rd-chch,_stores/bin-inn-lincoln-rd-chch.md,/stores/new-zealand/bin-inn-lincoln-rd-chch/,missing,""
todo,stores,new-zealand,Wellington,Masterton,Bin Inn Masterton,bin-inn-masterton,_stores/bin-inn-masterton.md,/stores/new-zealand/bin-inn-masterton/,missing,""
todo,stores,new-zealand,Nelson,Nelson,Bin Inn Nelson,bin-inn-nelson,_stores/bin-inn-nelson.md,/stores/new-zealand/bin-inn-nelson/,missing,""
todo,stores,new-zealand,Auckland,Auckland,Bin Inn Onehunga,bin-inn-onehunga,_stores/bin-inn-onehunga.md,/stores/new-zealand/bin-inn-onehunga/,missing,""
todo,stores,new-zealand,Manawatū-Whanganui,Palmerston North,Bin Inn Palmerston North,bin-inn-palmerston-north,_stores/bin-inn-palmerston-north.md,/stores/new-zealand/bin-inn-palmerston-north/,missing,""
todo,stores,new-zealand,Bay of Plenty,Tauranga,Bin Inn Papamoa,bin-inn-papamoa,_stores/bin-inn-papamoa.md,/stores/new-zealand/bin-inn-papamoa/,missing,""
todo,stores,new-zealand,Wellington,Lower Hutt,Bin Inn Petone,bin-inn-petone,_stores/bin-inn-petone.md,/stores/new-zealand/bin-inn-petone/,missing,""
todo,stores,new-zealand,Auckland,Auckland,Bin Inn Pukekohe,bin-inn-pukekohe,_stores/bin-inn-pukekohe.md,/stores/new-zealand/bin-inn-pukekohe/,missing,""
todo,stores,new-zealand,Canterbury,Waimakariri,Bin Inn Rangiora,bin-inn-rangiora,_stores/bin-inn-rangiora.md,/stores/new-zealand/bin-inn-rangiora/,missing,""
todo,stores,new-zealand,Tasman,Richmond,Bin Inn Richmond,bin-inn-richmond,_stores/bin-inn-richmond.md,/stores/new-zealand/bin-inn-richmond/,missing,""
todo,stores,new-zealand,Canterbury,Selwyn,Bin Inn Rolleston,bin-inn-rolleston,_stores/bin-inn-rolleston.md,/stores/new-zealand/bin-inn-rolleston/,missing,""
todo,stores,new-zealand,Bay of Plenty,Rotorua,Bin Inn Rotorua,bin-inn-rotorua,_stores/bin-inn-rotorua.md,/stores/new-zealand/bin-inn-rotorua/,missing,""
todo,stores,new-zealand,Auckland,Auckland,Bin Inn Silverdale,bin-inn-silverdale,_stores/bin-inn-silverdale.md,/stores/new-zealand/bin-inn-silverdale/,missing,""
todo,stores,new-zealand,Waikato,Hamilton,Bin Inn St Andrews,bin-inn-st-andrews,_stores/bin-inn-st-andrews.md,/stores/new-zealand/bin-inn-st-andrews/,missing,""
todo,stores,new-zealand,Canterbury,Christchurch,Bin Inn Stanmore Rd (Chch),bin-inn-stanmore-rd-chch,_stores/bin-inn-stanmore-rd-chch.md,/stores/new-zealand/bin-inn-stanmore-rd-chch/,missing,""
todo,stores,new-zealand,Auckland,Auckland,Bin Inn Stonefields,bin-inn-stonefields,_stores/bin-inn-stonefields.md,/stores/new-zealand/bin-inn-stonefields/,missing,""
todo,stores,new-zealand,Auckland,Auckland,Bin Inn Takanini,bin-inn-takanini,_stores/bin-inn-takanini.md,/stores/new-zealand/bin-inn-takanini/,missing,""
todo,stores,new-zealand,Waikato,Taupō,Bin Inn Taupo,bin-inn-taupo,_stores/bin-inn-taupo.md,/stores/new-zealand/bin-inn-taupo/,missing,""
todo,stores,new-zealand,Waikato,Waipa,Bin Inn Te Awamutu,bin-inn-te-awamutu,_stores/bin-inn-te-awamutu.md,/stores/new-zealand/bin-inn-te-awamutu/,missing,""
todo,stores,new-zealand,Coromandel,Thames-Coromandel,Bin Inn Thames,bin-inn-thames,_stores/bin-inn-thames.md,/stores/new-zealand/bin-inn-thames/,missing,""
todo,stores,new-zealand,Canterbury,Timaru,Bin Inn Timaru,bin-inn-timaru,_stores/bin-inn-timaru.md,/stores/new-zealand/bin-inn-timaru/,missing,""
todo,stores,new-zealand,Taranaki,Waitara,Bin Inn Waitara,bin-inn-waitara,_stores/bin-inn-waitara.md,/stores/new-zealand/bin-inn-waitara/,missing,""
todo,stores,new-zealand,Auckland,Auckland,Bin Inn Warkworth,bin-inn-warkworth,_stores/bin-inn-warkworth.md,/stores/new-zealand/bin-inn-warkworth/,missing,""
todo,stores,new-zealand,Bay of Plenty,Whakatane,Bin Inn Whakatane,bin-inn-whakatane,_stores/bin-inn-whakatane.md,/stores/new-zealand/bin-inn-whakatane/,missing,""
todo,stores,new-zealand,Northland,Whangārei,Bin Inn Whangarei,bin-inn-whangarei,_stores/bin-inn-whangarei.md,/stores/new-zealand/bin-inn-whangarei/,missing,""
todo,stores,new-zealand,Auckland,Auckland,Bliss Box,bliss-box,_stores/bliss-box.md,/stores/new-zealand/bliss-box/,missing,""
todo,stores,new-zealand,Canterbury,Christchurch,Bohemian Bakery (Cashel Street HQ),bohemian-bakery-cashel-street-hq,_stores/bohemian-bakery-cashel-street-hq.md,/stores/new-zealand/bohemian-bakery-cashel-street-hq/,missing,""
todo,stores,new-zealand,Canterbury,Christchurch,Bohemian Bakery (Merivale),bohemian-bakery-merivale,_stores/bohemian-bakery-merivale.md,/stores/new-zealand/bohemian-bakery-merivale/,missing,""
todo,stores,new-zealand,Canterbury,Christchurch,Bohemian Bakery (St Martins),bohemian-bakery-st-martins,_stores/bohemian-bakery-st-martins.md,/stores/new-zealand/bohemian-bakery-st-martins/,missing,""
todo,stores,new-zealand,Canterbury,Christchurch,Bohemian Bakery (Sumner),bohemian-bakery-sumner,_stores/bohemian-bakery-sumner.md,/stores/new-zealand/bohemian-bakery-sumner/,missing,""
todo,stores,new-zealand,Canterbury,Christchurch,Bohemian Bakery Café (CBD),bohemian-bakery-cbd,_stores/bohemian-bakery-cbd.md,/stores/new-zealand/bohemian-bakery-cbd/,missing,""
todo,stores,new-zealand,Bay of Plenty,Rotorua,Brown Owl Organics (Rotorua),brown-owl-organics-rotorua,_stores/brown-owl-organics-rotorua.md,/stores/new-zealand/brown-owl-organics-rotorua/,missing,""
todo,stores,new-zealand,Hawke's Bay,Napier,Chantal Shop (Napier),chantal-shop-napier,_stores/chantal-shop-napier.md,/stores/new-zealand/chantal-shop-napier/,missing,""
todo,stores,new-zealand,Auckland,Grey Lynn,City Honest Grocer,city-honest-grocer,_stores/city-honest-grocer.md,/stores/new-zealand/city-honest-grocer/,missing,""
todo,stores,new-zealand,Auckland,Glen Eden,Clarks Organic Meat,clarks-organic-meat,_stores/clarks-organic-meat.md,/stores/new-zealand/clarks-organic-meat/,missing,""
todo,stores,new-zealand,Wellington,Lower Hutt,Commons Unity / Remakery (Lower Hutt),commons-unity-remakery-lower-hutt,_stores/commons-unity-remakery-lower-hutt.md,/stores/new-zealand/commons-unity-remakery-lower-hutt/,missing,""
todo,stores,new-zealand,Wellington,Kapiti Coast,Commonsense Kapiti,commonsense-kapiti,_stores/commonsense-kapiti.md,/stores/new-zealand/commonsense-kapiti/,missing,""
todo,stores,new-zealand,Wellington,Wellington,Commonsense Kilbirnie,commonsense-kilbirnie,_stores/commonsense-kilbirnie.md,/stores/new-zealand/commonsense-kilbirnie/,missing,""
todo,stores,new-zealand,Wellington,Wellington,Commonsense Lower Hutt,commonsense-lower-hutt,_stores/commonsense-lower-hutt.md,/stores/new-zealand/commonsense-lower-hutt/,missing,""
todo,stores,new-zealand,Auckland,Auckland,Commonsense Mt Eden,commonsense-mt-eden,_stores/commonsense-mt-eden.md,/stores/new-zealand/commonsense-mt-eden/,missing,""
todo,stores,new-zealand,Wellington,Wellington,Commonsense Wellington City,commonsense-wellington-city,_stores/commonsense-wellington-city.md,/stores/new-zealand/commonsense-wellington-city/,missing,""
todo,stores,new-zealand,Southland,Invercargill,ComplEat Wellness,complete-wellness,_stores/complete-wellness.md,/stores/new-zealand/complete-wellness/,missing,""
todo,stores,new-zealand,Hawke's Bay,Hastings,Cornucopia Organics (Hastings),cornucopia-organics-hastings,_stores/cornucopia-organics-hastings.md,/stores/new-zealand/cornucopia-organics-hastings/,missing,""
todo,stores,new-zealand,Taranaki,New Plymouth,Down to Earth Organics,down-to-earth-organics-new-plymouth,_stores/down-to-earth-organics-new-plymouth.md,/stores/new-zealand/down-to-earth-organics-new-plymouth/,missing,""
todo,stores,new-zealand,Wellington,Waikanae,Earth Food Store,earth-food-store-waikanae,_stores/earth-food-store-waikanae.md,/stores/new-zealand/earth-food-store-waikanae/,missing,""
todo,stores,new-zealand,Tasman,Richmond,Earthbound Organics (Richmond),earthbound-organics-richmond,_stores/earthbound-organics-richmond.md,/stores/new-zealand/earthbound-organics-richmond/,missing,""
todo,stores,new-zealand,West Coast,Hokitika,Eithne Health & Organics,eithne-health-organics,_stores/eithne-health-organics.md,/stores/new-zealand/eithne-health-organics/,missing,""
todo,stores,new-zealand,Auckland,Auckland,Farro Fresh Commercial Bay,farro-fresh-commercial-bay,_stores/farro-fresh-commercial-bay.md,/stores/new-zealand/farro-fresh-commercial-bay/,missing,""
todo,stores,new-zealand,Auckland,Auckland,Farro Fresh Epsom,farro-fresh-epsom,_stores/farro-fresh-epsom.md,/stores/new-zealand/farro-fresh-epsom/,missing,""
todo,stores,new-zealand,Auckland,Auckland,Farro Fresh Grey Lynn,farro-fresh-grey-lynn,_stores/farro-fresh-grey-lynn.md,/stores/new-zealand/farro-fresh-grey-lynn/,missing,""
todo,stores,new-zealand,Auckland,Auckland,Farro Fresh Mt Eden,farro-fresh-mt-eden,_stores/farro-fresh-mt-eden.md,/stores/new-zealand/farro-fresh-mt-eden/,missing,""
todo,stores,new-zealand,Auckland,Auckland,Farro Fresh Mt Wellington,farro-fresh-mt-wellington,_stores/farro-fresh-mt-wellington.md,/stores/new-zealand/farro-fresh-mt-wellington/,missing,""
todo,stores,new-zealand,Auckland,Auckland,Farro Fresh Orakei,farro-fresh-orakei,_stores/farro-fresh-orakei.md,/stores/new-zealand/farro-fresh-orakei/,missing,""
todo,stores,new-zealand,Auckland,Auckland,Farro Fresh Smales Farm,farro-fresh-smales-farm,_stores/farro-fresh-smales-farm.md,/stores/new-zealand/farro-fresh-smales-farm/,missing,""
todo,stores,new-zealand,Otago,Roxburgh,Feinerman’s General Store,feinermans-general-store,_stores/feinermans-general-store.md,/stores/new-zealand/feinermans-general-store/,missing,""
todo,stores,new-zealand,Canterbury,Christchurch,FreshChoice Merivale,freshchoice-merivale,_stores/freshchoice-merivale.md,/stores/new-zealand/freshchoice-merivale/,missing,""
todo,stores,new-zealand,Tasman,Nelson,FreshChoice Nelson City,freshchoice-nelson-city,_stores/freshchoice-nelson-city.md,/stores/new-zealand/freshchoice-nelson-city/,missing,""
todo,stores,new-zealand,Tasman,Takaka,Golden Bay Organics,golden-bay-organics,_stores/golden-bay-organics.md,/stores/new-zealand/golden-bay-organics/,missing,""
todo,stores,new-zealand,Canterbury,Christchurch,GoodFor (Christchurch),goodfor-christchurch,_stores/goodfor-christchurch.md,/stores/new-zealand/goodfor-christchurch/,missing,""
todo,stores,new-zealand,Auckland,Grey Lynn,GoodFor Grey Lynn,goodfor-grey-lynn,_stores/goodfor-grey-lynn.md,/stores/new-zealand/goodfor-grey-lynn/,missing,""
todo,stores,new-zealand,Auckland,Kumeu,GoodFor Kumeū,goodfor-kumeu,_stores/goodfor-kumeu.md,/stores/new-zealand/goodfor-kumeu/,missing,""
todo,stores,new-zealand,Auckland,Takapuna,GoodFor Takapuna,goodfor-takapuna,_stores/goodfor-takapuna.md,/stores/new-zealand/goodfor-takapuna/,missing,""
todo,stores,new-zealand,Manawatū-Whanganui,Palmerston North,Green Grocer,green-grocer-palmerston-north,_stores/green-grocer-palmerston-north.md,/stores/new-zealand/green-grocer-palmerston-north/,missing,""
todo,stores,new-zealand,Auckland,Ostend,Greenspace Organic Shop,greenspace-organic-shop,_stores/greenspace-organic-shop.md,/stores/new-zealand/greenspace-organic-shop/,missing,""
todo,stores,new-zealand,Wellington,Paraparaumu,Homegrown Wholefoods,homegrown-wholefoods-paraparaumu,_stores/homegrown-wholefoods-paraparaumu.md,/stores/new-zealand/homegrown-wholefoods-paraparaumu/,missing,""
todo,stores,new-zealand,Southland,Invercargill,Honest Wholefoods,honest-wholefoods-invercargill,_stores/honest-wholefoods-invercargill.md,/stores/new-zealand/honest-wholefoods-invercargill/,missing,""
todo,stores,new-zealand,Auckland,Auckland,IE Produce (Takapuna),ie-produce-takapuna,_stores/ie-produce-takapuna.md,/stores/new-zealand/ie-produce-takapuna/,missing,""
todo,stores,new-zealand,West Coast,Westport,InterFood Grocery,interfood-grocery,_stores/interfood-grocery.md,/stores/new-zealand/interfood-grocery/,missing,""
todo,stores,new-zealand,Canterbury,Kaikōura,Kaikōura Quality Store,kaikoura-quality-store,_stores/kaikoura-quality-store.md,/stores/new-zealand/kaikoura-quality-store/,missing,""
todo,stores,new-zealand,Canterbury,Christchurch,Liberty Market,liberty-market,_stores/liberty-market.md,/stores/new-zealand/liberty-market/,missing,""
todo,stores,new-zealand,Auckland,Ostend,Lily and Lotus,lily-and-lotus,_stores/lily-and-lotus.md,/stores/new-zealand/lily-and-lotus/,missing,""
todo,stores,new-zealand,Wellington,Masterton,Little Farms,little-farms,_stores/little-farms.md,/stores/new-zealand/little-farms/,missing,""
todo,stores,new-zealand,Manawatū-Whanganui,Palmerston North,Live2Give Organics,live2give-organics,_stores/live2give-organics.md,/stores/new-zealand/live2give-organics/,missing,""
todo,stores,new-zealand,Auckland,Mount Wellington,Mapari Meats,mapari-meats,_stores/mapari-meats.md,/stores/new-zealand/mapari-meats/,missing,""
todo,stores,new-zealand,Tasman,Mapua,Mapua Organics,mapua-organics,_stores/mapua-organics.md,/stores/new-zealand/mapua-organics/,missing,""
todo,stores,new-zealand,Otago,Glenorchy,Mrs. Woolly's General Store,mrs-woollys-general-store-glenorchy,_stores/mrs-woollys-general-store-glenorchy.md,/stores/new-zealand/mrs-woollys-general-store-glenorchy/,missing,""
todo,stores,new-zealand,Southland,Invercargill,Naturally Organic,naturally-organic-invercargill,_stores/naturally-organic-invercargill.md,/stores/new-zealand/naturally-organic-invercargill/,missing,""
todo,stores,new-zealand,Canterbury,Christchurch,New World Durham Street,new-world-durham-street,_stores/new-world-durham-street.md,/stores/new-zealand/new-world-durham-street/,missing,""
todo,stores,new-zealand,Canterbury,Christchurch,New World Fendalton,new-world-fendalton,_stores/new-world-fendalton.md,/stores/new-zealand/new-world-fendalton/,missing,""
todo,stores,new-zealand,Canterbury,Christchurch,New World Halswell,new-world-halswell,_stores/new-world-halswell.md,/stores/new-zealand/new-world-halswell/,missing,""
todo,stores,new-zealand,Canterbury,Lincoln,New World Lincoln,new-world-lincoln,_stores/new-world-lincoln.md,/stores/new-zealand/new-world-lincoln/,missing,""
todo,stores,new-zealand,Otago,Queenstown,New World Queenstown,new-world-queenstown,_stores/new-world-queenstown.md,/stores/new-zealand/new-world-queenstown/,missing,""
todo,stores,new-zealand,Canterbury,Christchurch,New World St Martins,new-world-st-martins,_stores/new-world-st-martins.md,/stores/new-zealand/new-world-st-martins/,missing,""
todo,stores,new-zealand,Canterbury,Christchurch,Ooooby (Online Organic Boxes),ooooby-online-organic-boxes,_stores/ooooby-online-organic-boxes.md,/stores/new-zealand/ooooby-online-organic-boxes/,missing,""
todo,stores,new-zealand,Manawatū-Whanganui,Palmerston North,Organic Buzz,organic-buzz,_stores/organic-buzz.md,/stores/new-zealand/organic-buzz/,missing,""
todo,stores,new-zealand,Northland,Whangārei,Organic Corner Deli,organic-corner-deli-whangarei,_stores/organic-corner-deli-whangarei.md,/stores/new-zealand/organic-corner-deli-whangarei/,missing,""
todo,stores,new-zealand,Auckland,Glen Eden,Organics Out West,organics-out-west,_stores/organics-out-west.md,/stores/new-zealand/organics-out-west/,missing,""
todo,stores,new-zealand,Otago,Wānaka,Pembroke Wines & Spirits,pembroke-wines-and-spirits-wanaka,_stores/pembroke-wines-and-spirits-wanaka.md,/stores/new-zealand/pembroke-wines-and-spirits-wanaka/,missing,""
todo,stores,new-zealand,Marlborough,Picton,Picton Organic Store,picton-organic-store,_stores/picton-organic-store.md,/stores/new-zealand/picton-organic-store/,missing,""
todo,stores,new-zealand,Southland,Riverton,Riverton Organic Food Co-op,riverton-organic-food-co-op,_stores/riverton-organic-food-co-op.md,/stores/new-zealand/riverton-organic-food-co-op/,missing,""
todo,stores,new-zealand,Southland,Riverton,Riverton Organic Shop,riverton-organic-shop,_stores/riverton-organic-shop.md,/stores/new-zealand/riverton-organic-shop/,missing,""
todo,stores,new-zealand,Canterbury,Christchurch,She Universe Cacao Pod,she-universe-cacao-pod,_stores/she-universe-cacao-pod.md,/stores/new-zealand/she-universe-cacao-pod/,missing,""
todo,stores,new-zealand,Canterbury,Christchurch,She Universe Malthouse Chocolaterie,she-universe-malthouse-chocolaterie,_stores/she-universe-malthouse-chocolaterie.md,/stores/new-zealand/she-universe-malthouse-chocolaterie/,missing,""
todo,stores,new-zealand,Canterbury,Christchurch,She Universe Riverside Chocolaterie,she-universe-riverside-chocolaterie,_stores/she-universe-riverside-chocolaterie.md,/stores/new-zealand/she-universe-riverside-chocolaterie/,missing,""
todo,stores,new-zealand,Otago,Dunedin,Taste Nature,taste-nature-dunedin,_stores/taste-nature-dunedin.md,/stores/new-zealand/taste-nature-dunedin/,missing,""
todo,stores,new-zealand,Northland,Paihia,The Ecohive Collective (Paihia),ecohive-collective-paihia,_stores/ecohive-collective-paihia.md,/stores/new-zealand/ecohive-collective-paihia/,missing,""
todo,stores,new-zealand,Canterbury,Christchurch,The Foodland Organic Store,the-foodland-organic-store,_stores/the-foodland-organic-store.md,/stores/new-zealand/the-foodland-organic-store/,missing,""
todo,stores,new-zealand,Canterbury,Kaikōura,The Grocer (Kaikōura),the-grocer-kaikoura,_stores/the-grocer-kaikoura.md,/stores/new-zealand/the-grocer-kaikoura/,missing,""
todo,stores,new-zealand,Waikato,Raglan,The Herbal Dispensary Raglan,herbal-dispensary-raglan,_stores/herbal-dispensary-raglan.md,/stores/new-zealand/herbal-dispensary-raglan/,missing,""
todo,stores,new-zealand,Auckland,Oneroa,The Island Grocer,the-island-grocer,_stores/the-island-grocer.md,/stores/new-zealand/the-island-grocer/,missing,""
todo,stores,new-zealand,Otago,Queenstown,The Source Bulk Foods (Queenstown),source-bulk-foods-queenstown,_stores/source-bulk-foods-queenstown.md,/stores/new-zealand/source-bulk-foods-queenstown/,missing,""
todo,stores,new-zealand,Tasman,Ruby Bay,The Wee Shop Organics,wee-shop-organics,_stores/wee-shop-organics.md,/stores/new-zealand/wee-shop-organics/,missing,""
todo,stores,new-zealand,Tasman,Motueka,Toad Hall,toad-hall-motueka,_stores/toad-hall-motueka.md,/stores/new-zealand/toad-hall-motueka/,missing,""
todo,stores,new-zealand,Canterbury,Christchurch,Untamed Earth Farm Shop,untamed-earth-farm-shop,_stores/untamed-earth-farm-shop.md,/stores/new-zealand/untamed-earth-farm-shop/,missing,""
todo,stores,new-zealand,Auckland,Milford,Well Hung Artisan Butchery,well-hung-artisan-butchery,_stores/well-hung-artisan-butchery.md,/stores/new-zealand/well-hung-artisan-butchery/,missing,""
todo,stores,new-zealand,West Coast,Greymouth,Westland Whole Foods,westland-whole-foods,_stores/westland-whole-foods.md,/stores/new-zealand/westland-whole-foods/,missing,""
todo,stores,new-zealand,Auckland,Westmere,Westmere Butchery,westmere-butchery,_stores/westmere-butchery.md,/stores/new-zealand/westmere-butchery/,missing,""
todo,stores,new-zealand,Manawatū-Whanganui,Whanganui,Whanganui Organic Food Co-op,whanganui-organic-food-co-op,_stores/whanganui-organic-food-co-op.md,/stores/new-zealand/whanganui-organic-food-co-op/,missing,""
todo,stores,new-zealand,West Coast,Hokitika,Wholefood Co-op Hokitika,wholefood-co-op-hokitika,_stores/wholefood-co-op-hokitika.md,/stores/new-zealand/wholefood-co-op-hokitika/,missing,""
todo,stores,new-zealand,Wellington,Lower Hutt,Zany Zeus,zany-zeus-lower-hutt,_stores/zany-zeus-lower-hutt.md,/stores/new-zealand/zany-zeus-lower-hutt/,missing,""
todo,stores,australia,Victoria,Bellarine Peninsula,Bellarine Wholefoods,bellarine-wholefoods,_stores/bellarine-wholefoods.md,/stores/australia/bellarine-wholefoods/,missing,""
todo,stores,australia,Victoria,Melbourne,Bulk Eats Warehouse,bulk-eats-warehouse,_stores/bulk-eats-warehouse.md,/stores/australia/bulk-eats-warehouse/,missing,""
todo,stores,australia,New South Wales,Mullumbimby,Byron Bay Pork & Meats (Mullumbimby),byron-bay-pork-and-meats,_stores/byron-bay-pork-and-meats.md,/stores/australia/byron-bay-pork-and-meats/,missing,""
todo,stores,australia,Victoria,Melbourne,Friends of the Earth Food Co-op & Cafe,friends-of-the-earth-food-co-op,_stores/friends-of-the-earth-food-co-op.md,/stores/australia/friends-of-the-earth-food-co-op/,missing,""
todo,stores,australia,Queensland,Brisbane,Harris Farm Markets (Clayfield),harris-farm-clayfield,_stores/harris-farm-clayfield.md,/stores/australia/harris-farm-clayfield/,missing,""
todo,stores,australia,Queensland,Gold Coast,Harris Farm Markets (Isle of Capri),harris-farm-isle-of-capri,_stores/harris-farm-isle-of-capri.md,/stores/australia/harris-farm-isle-of-capri/,missing,""
todo,stores,australia,Queensland,Brisbane,Harris Farm Markets (West End),harris-farm-west-end,_stores/harris-farm-west-end.md,/stores/australia/harris-farm-west-end/,missing,""
todo,stores,australia,New South Wales,Byron Bay,IGA Byron Bay,iga-byron-bay,_stores/iga-byron-bay.md,/stores/australia/iga-byron-bay/,missing,""
todo,stores,australia,New South Wales,Mullumbimby,IGA Mullumbimby,iga-mullumbimby,_stores/iga-mullumbimby.md,/stores/australia/iga-mullumbimby/,missing,""
todo,stores,australia,Queensland,Gold Coast,Nourish Lane (Mudgeeraba),nourish-lane-mudgeeraba,_stores/nourish-lane-mudgeeraba.md,/stores/australia/nourish-lane-mudgeeraba/,missing,""
todo,stores,australia,Queensland,Gold Coast,Nourish Lane (Nerang),nourish-lane-nerang,_stores/nourish-lane-nerang.md,/stores/australia/nourish-lane-nerang/,missing,""
todo,stores,australia,Victoria,Melbourne,Organically Grown (Malvern),organically-grown-malvern,_stores/organically-grown-malvern.md,/stores/australia/organically-grown-malvern/,missing,""
todo,stores,australia,Victoria,Melbourne,Passionfoods Organic (South Melbourne),passionfoods-organic-south-melbourne,_stores/passionfoods-organic-south-melbourne.md,/stores/australia/passionfoods-organic-south-melbourne/,missing,""
todo,stores,australia,Victoria,Melbourne,Replenish for Health (Williamstown),replenish-for-health-williamstown,_stores/replenish-for-health-williamstown.md,/stores/australia/replenish-for-health-williamstown/,missing,""
todo,stores,australia,Victoria,Melbourne,Sage Bulk Wholefoods - Eltham,sage-bulk-wholefoods-eltham,_stores/sage-bulk-wholefoods-eltham.md,/stores/australia/sage-bulk-wholefoods-eltham/,missing,""
todo,stores,australia,Victoria,Melbourne,Sage Bulk Wholefoods - Ivanhoe,sage-bulk-wholefoods-ivanhoe,_stores/sage-bulk-wholefoods-ivanhoe.md,/stores/australia/sage-bulk-wholefoods-ivanhoe/,missing,""
todo,stores,australia,New South Wales,Byron Bay,Santos Organics (Byron Arts & Industrial),santos-organics-byron-arts-industrial,_stores/santos-organics-byron-arts-industrial.md,/stores/australia/santos-organics-byron-arts-industrial/,missing,""
todo,stores,australia,New South Wales,Byron Bay,Santos Organics (Byron Bay Shop),santos-organics-byron-bay-shop,_stores/santos-organics-byron-bay-shop.md,/stores/australia/santos-organics-byron-bay-shop/,missing,""
todo,stores,australia,New South Wales,Mullumbimby,Santos Organics (Mullumbimby),santos-organics-mullumbimby,_stores/santos-organics-mullumbimby.md,/stores/australia/santos-organics-mullumbimby/,missing,""
todo,stores,australia,Queensland,Brendale,TMP Organics Butcher & Supermarket,tmp-organics-brendale,_stores/tmp-organics-brendale.md,/stores/australia/tmp-organics-brendale/,missing,""
todo,stores,australia,Victoria,Melbourne,Terra Madre (Brunswick),terra-madre-brunswick,_stores/terra-madre-brunswick.md,/stores/australia/terra-madre-brunswick/,missing,""
todo,stores,australia,Victoria,Melbourne,Terra Madre (Northcote),terra-madre-northcote,_stores/terra-madre-northcote.md,/stores/australia/terra-madre-northcote/,missing,""
todo,stores,australia,Queensland,Brisbane,The Gap Local Organic Co-Op,the-gap-local-organic-co-op,_stores/the-gap-local-organic-co-op.md,/stores/australia/the-gap-local-organic-co-op/,missing,""
todo,stores,australia,Victoria,Melbourne,The Source Bulk Foods (Balaclava),the-source-bulk-foods-balaclava,_stores/the-source-bulk-foods-balaclava.md,/stores/australia/the-source-bulk-foods-balaclava/,missing,""
todo,stores,australia,New South Wales,Byron Bay,The Source Bulk Foods (Byron Bay),the-source-bulk-foods-byron-bay,_stores/the-source-bulk-foods-byron-bay.md,/stores/australia/the-source-bulk-foods-byron-bay/,missing,""
todo,stores,australia,Queensland,Gold Coast,The Source Bulk Foods (Southport),the-source-bulk-foods-southport,_stores/the-source-bulk-foods-southport.md,/stores/australia/the-source-bulk-foods-southport/,missing,""
todo,stores,australia,Queensland,Gold Coast,The Wholefood Pantry (Palm Beach),the-wholefood-pantry-palm-beach,_stores/the-wholefood-pantry-palm-beach.md,/stores/australia/the-wholefood-pantry-palm-beach/,missing,""
todo,stores,australia,Queensland,Brisbane,We Love Food Co-Op,we-love-food-co-op,_stores/we-love-food-co-op.md,/stores/australia/we-love-food-co-op/,missing,""
todo,stores,country-slug,Region or state,City or town,Store or co-op name,store-slug,_stores/_template.md,/stores/country-slug/store-slug/,missing,""
todo,vendors,new-zealand,Auckland,Auckland,Amaranto Food Truck,amaranto-food-truck,_vendors/amaranto-food-truck.md,/vendors/new-zealand/amaranto-food-truck/,missing,""
todo,vendors,new-zealand,Wellington,Porirua,Betsy Coffee Truck,betsy-coffee-truck,_vendors/betsy-coffee-truck.md,/vendors/new-zealand/betsy-coffee-truck/,missing,""
todo,vendors,new-zealand,Bay of Plenty,Te Kaha,Bhanga Coffee Cart,bhanga-coffee-cart,_vendors/bhanga-coffee-cart.md,/vendors/new-zealand/bhanga-coffee-cart/,missing,""
todo,vendors,new-zealand,Auckland,Remuera,Brotisserie,brotisserie,_vendors/brotisserie.md,/vendors/new-zealand/brotisserie/,missing,""
todo,vendors,new-zealand,Waikato,Cambridge,Café Irresistiblue,cafe-irresistiblue,_vendors/cafe-irresistiblue.md,/vendors/new-zealand/cafe-irresistiblue/,missing,""
todo,vendors,new-zealand,Auckland,Whitford,Charlie Grace Mobile Café,charlie-grace-mobile-cafe,_vendors/charlie-grace-mobile-cafe.md,/vendors/new-zealand/charlie-grace-mobile-cafe/,missing,""
todo,vendors,new-zealand,Otago,Wānaka,Curbside Coffee & Bagels,curbside-coffee-and-bagels,_vendors/curbside-coffee-and-bagels.md,/vendors/new-zealand/curbside-coffee-and-bagels/,missing,""
todo,vendors,new-zealand,Auckland,Auckland,Daily Bread,daily-bread-pt-chevalier,_vendors/daily-bread-pt-chevalier.md,/vendors/new-zealand/daily-bread-pt-chevalier/,missing,""
todo,vendors,new-zealand,Otago,Wānaka,Dripping Bowl,dripping-bowl,_vendors/dripping-bowl.md,/vendors/new-zealand/dripping-bowl/,missing,""
todo,vendors,new-zealand,Manawatū-Whanganui,Levin,Dutchy's,dutchys,_vendors/dutchys.md,/vendors/new-zealand/dutchys/,missing,""
todo,vendors,new-zealand,Auckland,Clevedon,Farm House Café,farm-house-cafe,_vendors/farm-house-cafe.md,/vendors/new-zealand/farm-house-cafe/,missing,""
todo,vendors,new-zealand,Gisborne,Gisborne,Flagship Eatery,flagship-eatery,_vendors/flagship-eatery.md,/vendors/new-zealand/flagship-eatery/,missing,""
todo,vendors,new-zealand,Gisborne,Gisborne,Food Cartel,food-cartel,_vendors/food-cartel.md,/vendors/new-zealand/food-cartel/,missing,""
todo,vendors,new-zealand,Waikato,Raglan,Foraged In Raglan,foraged-in-raglan,_vendors/foraged-in-raglan.md,/vendors/new-zealand/foraged-in-raglan/,missing,""
todo,vendors,new-zealand,Waikato,Ngāruawāhia,Georgies Coffee Cart,georgies-coffee-cart,_vendors/georgies-coffee-cart.md,/vendors/new-zealand/georgies-coffee-cart/,missing,""
todo,vendors,new-zealand,Canterbury,Christchurch,Green Dinner Table,green-dinner-table,_vendors/green-dinner-table.md,/vendors/new-zealand/green-dinner-table/,missing,""
todo,vendors,new-zealand,Canterbury,Christchurch,Grizzly Baked Goods,grizzly-baked-goods,_vendors/grizzly-baked-goods.md,/vendors/new-zealand/grizzly-baked-goods/,missing,""
todo,vendors,new-zealand,Auckland,Auckland,Harvest to Home,harvest-to-home,_vendors/harvest-to-home.md,/vendors/new-zealand/harvest-to-home/,missing,""
todo,vendors,new-zealand,Wellington,Wellington,Havana Coffee Works,havana-coffee-works,_vendors/havana-coffee-works.md,/vendors/new-zealand/havana-coffee-works/,missing,""
todo,vendors,new-zealand,Auckland,Auckland,Hill House Café,hill-house-cafe,_vendors/hill-house-cafe.md,/vendors/new-zealand/hill-house-cafe/,missing,""
todo,vendors,new-zealand,Otago,Wānaka,Honest Wholefood Co.,honest-wholefood-co-wanaka,_vendors/honest-wholefood-co-wanaka.md,/vendors/new-zealand/honest-wholefood-co-wanaka/,missing,""
todo,vendors,new-zealand,Auckland,Mount Eden,Kokako Organic Coffee Roasters,kokako-organic-coffee-roasters,_vendors/kokako-organic-coffee-roasters.md,/vendors/new-zealand/kokako-organic-coffee-roasters/,missing,""
todo,vendors,new-zealand,Wellington,Porirua,Little Black Coffee Truck,little-black-coffee-truck,_vendors/little-black-coffee-truck.md,/vendors/new-zealand/little-black-coffee-truck/,missing,""
todo,vendors,new-zealand,Canterbury,Lyttelton,MAPU Test Kitchen,mapu-test-kitchen,_vendors/mapu-test-kitchen.md,/vendors/new-zealand/mapu-test-kitchen/,missing,""
todo,vendors,new-zealand,Auckland,Riverhead,Magic Bean Coffee,magic-bean-coffee,_vendors/magic-bean-coffee.md,/vendors/new-zealand/magic-bean-coffee/,missing,""
todo,vendors,new-zealand,Auckland,Greenhithe,Mister Barista Coffee Van,mister-barista-coffee-van,_vendors/mister-barista-coffee-van.md,/vendors/new-zealand/mister-barista-coffee-van/,missing,""
todo,vendors,new-zealand,Auckland,Auckland,Moss Coffee Van,moss-coffee-van,_vendors/moss-coffee-van.md,/vendors/new-zealand/moss-coffee-van/,missing,""
todo,vendors,new-zealand,Otago,Dunedin,No.7 Balmac,no7-balmac,_vendors/no7-balmac.md,/vendors/new-zealand/no7-balmac/,missing,""
todo,vendors,new-zealand,Auckland,Auckland,Oh Açaí,oh-acai,_vendors/oh-acai.md,/vendors/new-zealand/oh-acai/,missing,""
todo,vendors,new-zealand,Southland,Orepuki,Orepuki Beach Café,orepuki-beach-cafe,_vendors/orepuki-beach-cafe.md,/vendors/new-zealand/orepuki-beach-cafe/,missing,""
todo,vendors,new-zealand,Northland,Kerikeri,Organic Corner (Lisa’s Stall),organic-corner-kerikeri,_vendors/organic-corner-kerikeri.md,/vendors/new-zealand/organic-corner-kerikeri/,missing,""
todo,vendors,new-zealand,Northland,Waipu,Origin Northland,origin-northland,_vendors/origin-northland.md,/vendors/new-zealand/origin-northland/,missing,""
todo,vendors,new-zealand,Hawke's Bay,Havelock North,Pixie Truck,pixie-truck,_vendors/pixie-truck.md,/vendors/new-zealand/pixie-truck/,missing,""
todo,vendors,new-zealand,Northland,Whangārei,Power Plant Wholefood & Organic Store,power-plant-wholefood-organic-store,_vendors/power-plant-wholefood-organic-store.md,/vendors/new-zealand/power-plant-wholefood-organic-store/,missing,""
todo,vendors,new-zealand,Auckland,Auckland,Purple Vibes,purple-vibes,_vendors/purple-vibes.md,/vendors/new-zealand/purple-vibes/,missing,""
todo,vendors,new-zealand,Auckland,North Shore,RAWE Organic Smoothie Bar,rawe-organic-smoothie-bar,_vendors/rawe-organic-smoothie-bar.md,/vendors/new-zealand/rawe-organic-smoothie-bar/,missing,""
todo,vendors,new-zealand,Tasman,Marahau,Salty Swamis,salty-swamis,_vendors/salty-swamis.md,/vendors/new-zealand/salty-swamis/,missing,""
todo,vendors,new-zealand,Hawke's Bay,"",Sandfire Seedlings,sandfire-seedlings-hawkes-bay,_vendors/sandfire-seedlings-hawkes-bay.md,/vendors/new-zealand/sandfire-seedlings-hawkes-bay/,missing,""
todo,vendors,new-zealand,Auckland,Auckland,Scarecrow,scarecrow,_vendors/scarecrow.md,/vendors/new-zealand/scarecrow/,missing,""
todo,vendors,new-zealand,Canterbury,Rolleston,Selwyn Organics Co-op,selwyn-co-op,_vendors/selwyn-co-op.md,/vendors/new-zealand/selwyn-co-op/,missing,""
todo,vendors,new-zealand,Canterbury,Christchurch,She Universe Chocolate,she-universe-chocolate,_vendors/she-universe-chocolate.md,/vendors/new-zealand/she-universe-chocolate/,missing,""
todo,vendors,new-zealand,Wellington,Wellington,Shepherd,shepherd,_vendors/shepherd.md,/vendors/new-zealand/shepherd/,missing,""
todo,vendors,new-zealand,Otago,Queenstown,Sherwood Queenstown,sherwood-queenstown,_vendors/sherwood-queenstown.md,/vendors/new-zealand/sherwood-queenstown/,missing,""
todo,vendors,new-zealand,Hawke's Bay,Havelock North,St Georges Restaurant,st-georges-restaurant,_vendors/st-georges-restaurant.md,/vendors/new-zealand/st-georges-restaurant/,missing,""
todo,vendors,new-zealand,Taranaki,Hāwera,Steampunk Coffee,steampunk-coffee,_vendors/steampunk-coffee.md,/vendors/new-zealand/steampunk-coffee/,missing,""
todo,vendors,new-zealand,Tasman,"",Tasman Bay Salt Co.,tasman-bay-salt-co,_vendors/tasman-bay-salt-co.md,/vendors/new-zealand/tasman-bay-salt-co/,missing,""
todo,vendors,new-zealand,Waikato,Cambridge,The Bikery Café,the-bikery-cafe,_vendors/the-bikery-cafe.md,/vendors/new-zealand/the-bikery-cafe/,missing,""
todo,vendors,new-zealand,Auckland,North Shore,The Coffee Store (Coffee Cart Hire),the-coffee-store-coffee-cart-hire,_vendors/the-coffee-store-coffee-cart-hire.md,/vendors/new-zealand/the-coffee-store-coffee-cart-hire/,missing,""
todo,vendors,new-zealand,Canterbury,Christchurch,The Dukes of Sandwich,the-dukes-of-sandwich,_vendors/the-dukes-of-sandwich.md,/vendors/new-zealand/the-dukes-of-sandwich/,missing,""
todo,vendors,new-zealand,Otago,Wānaka,The Good Spot Caravan,the-good-spot-caravan,_vendors/the-good-spot-caravan.md,/vendors/new-zealand/the-good-spot-caravan/,missing,""
todo,vendors,new-zealand,Wellington,Wellington,The Oatery,oatery-wellington,_vendors/oatery-wellington.md,/vendors/new-zealand/oatery-wellington/,missing,""
todo,vendors,new-zealand,Auckland,Auckland,The Tinman,the-tinman,_vendors/the-tinman.md,/vendors/new-zealand/the-tinman/,missing,""
todo,vendors,new-zealand,Auckland,Ostend,The Waiheke Bean,the-waiheke-bean,_vendors/the-waiheke-bean.md,/vendors/new-zealand/the-waiheke-bean/,missing,""
todo,vendors,new-zealand,Tasman,Tākaka,The Wholemeal Café,the-wholemeal-cafe,_vendors/the-wholemeal-cafe.md,/vendors/new-zealand/the-wholemeal-cafe/,missing,""
todo,vendors,new-zealand,Bay of Plenty,Tauranga,Triple One Coffee,triple-one-coffee,_vendors/triple-one-coffee.md,/vendors/new-zealand/triple-one-coffee/,missing,""
todo,vendors,new-zealand,Auckland,Auckland,Urban Flair,urban-flair,_vendors/urban-flair.md,/vendors/new-zealand/urban-flair/,missing,""
todo,vendors,new-zealand,Bay of Plenty,Mount Maunganui,Vitality Organics,vitality-organics,_vendors/vitality-organics.md,/vendors/new-zealand/vitality-organics/,missing,""
todo,vendors,new-zealand,Taranaki,New Plymouth,Volcanoview Restaurant & Bar,volcanoview-restaurant-bar,_vendors/volcanoview-restaurant-bar.md,/vendors/new-zealand/volcanoview-restaurant-bar/,missing,""
todo,vendors,new-zealand,Auckland,Waiheke Island,Waiheke Distilling Co.,waiheke-distilling-co,_vendors/waiheke-distilling-co.md,/vendors/new-zealand/waiheke-distilling-co/,missing,""
todo,vendors,new-zealand,Northland,Whangārei,Wildflour NZ (Whangārei),wildflour-whangarei,_vendors/wildflour-whangarei.md,/vendors/new-zealand/wildflour-whangarei/,missing,""
todo,vendors,new-zealand,Auckland,Auckland,Wipeout Kitchen,wipeout-kitchen,_vendors/wipeout-kitchen.md,/vendors/new-zealand/wipeout-kitchen/,missing,""
todo,vendors,new-zealand,Auckland,Hobsonville,Yolanda and Wolfe Coffee Caravan,yolanda-and-wolfe-coffee-caravan,_vendors/yolanda-and-wolfe-coffee-caravan.md,/vendors/new-zealand/yolanda-and-wolfe-coffee-caravan/,missing,""
todo,vendors,new-zealand,Tasman,Murchison,Zen's Kitchen,zens-kitchen,_vendors/zens-kitchen.md,/vendors/new-zealand/zens-kitchen/,missing,""
todo,vendors,new-zealand,Gisborne,Gisborne,Zephyr Wainui,zephyr-wainui,_vendors/zephyr-wainui.md,/vendors/new-zealand/zephyr-wainui/,missing,""
