collection,slug,title,country,region,city,address,lat,lon,missing_lat,missing_lon,missing_address,has_partial_address,listing_url,notes
farms,ahikaaroa-trust,Ahikaaroa Trust,NZ,Northland,Kaitaia,,,,true,true,true,false,/farms/ahikaaroa-trust/,No address — requires research
farms,akarua,Akarua,NZ,Otago,Bannockburn,265 Arrowtown-Lake Hayes Road (tasting room),,,true,true,false,false,/farms/akarua/,Coordinates missing — address can be used for lookup
farms,allandale-regenerative-farm,Allandale Regenerative Farm,New Zealand,Canterbury,Amberley,,,,true,true,true,false,/farms/allandale-regenerative-farm/,No address — requires research
farms,artemis-ltd,Artemis Ltd,NZ,Otago,Dunedin,,,,true,true,true,false,/farms/artemis-ltd/,No address — requires research
farms,ashley-river-organics,Ashley River Organics,New Zealand,Canterbury,Loburn,"35 Fletchers Road, Loburn, Rangiora 7472",,,true,true,false,false,/farms/ashley-river-organics/,Coordinates missing — address can be used for lookup
farms,awaroa-organic-winery,Awaroa Organic Winery,New Zealand,Auckland,Waiheke Island,"324 Waiheke Road, Waiheke Island",,,true,true,false,false,/farms/awaroa-organic-winery/,Coordinates missing — address can be used for lookup
farms,awarua-organics,AwaRua Organics,NZ,Southland,Invercargill,,,,true,true,true,false,/farms/awarua-organics/,No address — requires research
farms,bayleaf-organics-haumoana,Bayleaf Organics,New Zealand,Hawke's Bay,Haumoana,"20 Palomino Road, RD 10, Haumoana, 4180, New Zealand",,,true,true,false,false,/farms/bayleaf-organics-haumoana/,Coordinates missing — address can be used for lookup
farms,bella-olea,Bella Olea,New Zealand,Wellington,Greytown,Tauherenikau / outskirts of Greytown,,,true,true,true,true,/farms/bella-olea/,Has city/region only — needs street address
farms,bellbird-permaculture-farm,Bellbird Permaculture Farm,New Zealand,Manawatū-Whanganui,Mangamahu,"Mangamahu, Whanganui",-39.9333,175.05,false,false,true,true,/farms/bellbird-permaculture-farm/,Has city/region only — needs street address
farms,biofarm,BioFarm,New Zealand,Manawatū-Whanganui,Palmerston North,"Te Matai Road, Palmerston North",,,true,true,false,false,/farms/biofarm/,Coordinates missing — address can be used for lookup
farms,blue-mountain-station,Blue Mountain Station,NZ,Otago,Tapanui,"815 Rae Road, Tapanui",,,true,true,false,false,/farms/blue-mountain-station/,Coordinates missing — address can be used for lookup
farms,cameron-family-farms,Cameron Family Farms,New Zealand,Wellington,Featherston,"10 Daniell Street, Featherston 5710",,,true,true,false,false,/farms/cameron-family-farms/,Coordinates missing — address can be used for lookup
farms,cardrona-merino,Cardrona Merino,New Zealand,Otago,Cardrona Valley,,,,true,true,true,false,/farms/cardrona-merino/,No address — requires research
farms,carrick-wines,Carrick Wines,NZ,Otago,Bannockburn,"247 Cairnmuir Road, Bannockburn",,,true,true,false,false,/farms/carrick-wines/,Coordinates missing — address can be used for lookup
farms,coastal-market-garden,Coastal Market Garden,New Zealand,Taranaki,Ōakura,"PO Box 34, Oakura 4375",-39.1167,173.95,false,false,true,true,/farms/coastal-market-garden/,Has city/region only — needs street address
farms,coraltree-organic-products,CoralTree Organic Products,NZ,Hawke's Bay,Hastings,,,,true,true,true,false,/farms/coraltree-organic-products/,No address — requires research
farms,coro-fresh-goodness-growers,Coro Fresh (Goodness Growers),New Zealand,Waikato,Coroglen,,,,true,true,true,false,/farms/coro-fresh-goodness-growers/,No address — requires research
farms,durham-farms,Durham Farms,NZ,Northland,Waipu,,,,true,true,true,false,/farms/durham-farms/,No address — requires research
farms,early-bird-organics,Early Bird Organics,NZ,Hawke's Bay,Wairoa,,,,true,true,true,false,/farms/early-bird-organics/,No address — requires research
farms,earthbound-honey,Earthbound Honey,New Zealand,Northland,Whangārei,,,,true,true,true,false,/farms/earthbound-honey/,No address — requires research
farms,fallow-ridge,Fallow Ridge,NZ,Otago,Alexandra,"Alexandra, Otago",,,true,true,true,true,/farms/fallow-ridge/,Has city/region only — needs street address
farms,figs-hawkes-bay,Figs Hawke's Bay,NZ,Hawke's Bay,Havelock North,,,,true,true,true,false,/farms/figs-hawkes-bay/,No address — requires research
farms,forest-maker-honey,Forest Maker Honey,NZ,Wellington,Wellington,,,,true,true,true,false,/farms/forest-maker-honey/,No address — requires research
farms,four-corners-organics,Four Corners Organics,New Zealand,Wellington,Masterton,"Masterton, Wairarapa",,,true,true,true,true,/farms/four-corners-organics/,Has city/region only — needs street address
farms,frenz-eggs,FRENZ Eggs,NZ,Auckland,Papakura,,,,true,true,true,false,/farms/frenz-eggs/,No address — requires research
farms,hamlin-road-farm,Hamlin Road Farm,New Zealand,Auckland,Ardmore,"140 Hamlin Road, Ardmore, Papakura 2582, Auckland",,,true,true,false,false,/farms/hamlin-road-farm/,Coordinates missing — address can be used for lookup
farms,honeylicious,Honeylicious,NZ,Hawke's Bay,Hastings,,,,true,true,true,false,/farms/honeylicious/,No address — requires research
farms,jersey-girl-organics,Jersey Girl Organics,NZ,Waikato,Matamata,"74 Hinuera Road, RD 2, Matamata, 3472, New Zealand",,,true,true,false,false,/farms/jersey-girl-organics/,Coordinates missing — address can be used for lookup
farms,jj-organics-napier,JJ Organics,New Zealand,Hawke's Bay,Napier,,,,true,true,true,false,/farms/jj-organics-napier/,No address — requires research
farms,kahu-glen-farm,Kahu Glen Farm,New Zealand,Taranaki,Paraite,"175 Paraite Road, Paraite 4373",,,true,true,false,false,/farms/kahu-glen-farm/,Coordinates missing — address can be used for lookup
farms,kaitake-farm,Kaitake Farm,New Zealand,Taranaki,New Plymouth,"22 Kaitake Road, RD4, New Plymouth 4374",,,true,true,false,false,/farms/kaitake-farm/,Coordinates missing — address can be used for lookup
farms,kaiwhenua-organics,Kaiwhenua Organics,NZ,Waikato,Raglan,,,,true,true,true,false,/farms/kaiwhenua-organics/,No address — requires research
farms,kapiti-free-range-eggs,Kapiti Free Range Eggs,New Zealand,Wellington,Kapiti Coast,,,,true,true,true,false,/farms/kapiti-free-range-eggs/,No address — requires research
farms,karaka-farm-kaikoura,Karaka Farm,New Zealand,Canterbury,Kaikōura Flats,,,,true,true,true,false,/farms/karaka-farm-kaikoura/,No address — requires research
farms,kennedy-point-vineyard,Kennedy Point Vineyard,New Zealand,Auckland,Waiheke Island,"44 Donald Bruce Road, Waiheke Island",,,true,true,false,false,/farms/kennedy-point-vineyard/,Coordinates missing — address can be used for lookup
farms,little-farms-market-garden,Little Farms Market Garden,New Zealand,Wellington,Pirinoa,"Pirinoa, South Wairarapa",,,true,true,true,true,/farms/little-farms-market-garden/,Has city/region only — needs street address
farms,martinborough-manor,Martinborough Manor,New Zealand,Wellington,Martinborough,"59 Cromarty Drive, Martinborough 5784",,,true,true,false,false,/farms/martinborough-manor/,Coordinates missing — address can be used for lookup
farms,milmore-downs,Milmore Downs,New Zealand,Canterbury,Scargill Valley,"Panets Road, Scargill Valley, Canterbury",,,true,true,false,false,/farms/milmore-downs/,Coordinates missing — address can be used for lookup
farms,moana-organics,Moana Organics,New Zealand,Wellington,Paekakariki,,-40.991,174.957,false,false,true,false,/farms/moana-organics/,No address — requires research
farms,moonscape-wines,Moonscape Wines,NZ,Otago,Cromwell,"Cromwell, Otago",,,true,true,true,true,/farms/moonscape-wines/,Has city/region only — needs street address
farms,mycobio-ohau-gourmet-mushrooms,MycoBio (Ohau Gourmet Mushrooms),New Zealand,Manawatū-Whanganui,Ōhau,"Ōhau, Horowhenua",,,true,true,true,true,/farms/mycobio-ohau-gourmet-mushrooms/,Has city/region only — needs street address
farms,olliff-farm,Olliff Farm,New Zealand,Auckland,Silverdale,"438 Waitoki Road, RD1 Silverdale, Auckland 0994",,,true,true,false,false,/farms/olliff-farm/,Coordinates missing — address can be used for lookup
farms,rebel-gardens,Rebel Gardens,New Zealand,Wellington,Martinborough,Between Martinborough and Greytown,,,true,true,true,true,/farms/rebel-gardens/,Has city/region only — needs street address
farms,reikorangi-organic-gardens,Reikorangi Organic Gardens,New Zealand,Wellington,Waikanae,,,,true,true,true,false,/farms/reikorangi-organic-gardens/,No address — requires research
farms,revival-market-garden,Revival Market Garden,New Zealand,Auckland,Waiheke Island,,,,true,true,true,false,/farms/revival-market-garden/,No address — requires research
farms,sethas-seeds,Setha's Seeds,NZ,Hawke's Bay,Tutira,"PO Box 60, Tutira 4181, Hawke’s Bay, New Zealand",-39.1692,176.9289,false,false,true,true,/farms/sethas-seeds/,Has city/region only — needs street address
farms,six-acres-farm,Six Acres Farm,New Zealand,Taranaki,Brixton,"141 Richmond Road, RD3, New Plymouth 4373",,,true,true,false,false,/farms/six-acres-farm/,Coordinates missing — address can be used for lookup
farms,streamside-organics,Streamside Organics,New Zealand,Canterbury,Southbridge,"1112 Leeston Road, Southbridge 7683",,,true,true,false,false,/farms/streamside-organics/,Coordinates missing — address can be used for lookup
farms,t-gasper,T Gasper,New Zealand,Wellington,Masterton,"Masterton, Wairarapa",,,true,true,true,true,/farms/t-gasper/,Has city/region only — needs street address
farms,te-manaia-organics,Te Manaia Organics,New Zealand,Wellington,Masterton,Outskirts of Masterton (alluvial lands),,,true,true,true,true,/farms/te-manaia-organics/,Has city/region only — needs street address
farms,te-matuku-grove,Te Matuku Grove,New Zealand,Auckland,Waiheke Island,,,,true,true,true,false,/farms/te-matuku-grove/,No address — requires research
farms,the-ata-farm,The Āta Farm,New Zealand,Auckland,Waiheke Island,,,,true,true,true,false,/farms/the-ata-farm/,No address — requires research
farms,the-egg-project,The Egg Project,New Zealand,Manawatū-Whanganui,Himatangi Beach,"Himatangi Beach, Manawatū-Whanganui",,,true,true,true,true,/farms/the-egg-project/,Has city/region only — needs street address
farms,the-organic-farm,The Organic Farm,NZ,Hawke's Bay,Hastings,"300 Eastbourne Street West, Hastings 4122, New Zealand",,,true,true,false,false,/farms/the-organic-farm/,Coordinates missing — address can be used for lookup
farms,three-oaks-organic-farm,Three Oaks Organic Farm,New Zealand,Manawatū-Whanganui,Kairanga,"141 Aranui Road, RD5, Kairanga, Palmerston North",,,true,true,false,false,/farms/three-oaks-organic-farm/,Coordinates missing — address can be used for lookup
farms,tidal-organics,Tidal Organics,New Zealand,Auckland,Te Whau,"47 Margaret Reeve Lane, Te Whau, Waiheke Island",,,true,true,false,false,/farms/tidal-organics/,Coordinates missing — address can be used for lookup
farms,uma-rapiti-farm,Uma Rapiti Farm,New Zealand,Auckland,Waiheke Island,,,,true,true,true,false,/farms/uma-rapiti-farm/,No address — requires research
farms,untamed-earth,Untamed Earth,New Zealand,Canterbury,Christchurch,"Christchurch, Canterbury (farm location not publicly listed)",,,true,true,true,true,/farms/untamed-earth/,Has city/region only — needs street address
farms,vagabond-vege,Vagabond Vege,New Zealand,Wellington,Greytown,"Monty's Lane, Te Hupenui/Greytown",,,true,true,false,false,/farms/vagabond-vege/,Coordinates missing — address can be used for lookup
farms,waipuna-pastures,Waipuna Pastures,New Zealand,Canterbury,Geraldine,,-44.094,171.243,false,false,true,false,/farms/waipuna-pastures/,No address — requires research
farms,wharerata-farm,Wharerata Farm,New Zealand,Wellington,Pirinoa,"Pirinoa, South Wairarapa",,,true,true,true,true,/farms/wharerata-farm/,Has city/region only — needs street address
farms,wilderland-organics-whitianga,Wilderland Organics,New Zealand,Waikato,Whitianga,,-36.8333,175.7,false,false,true,false,/farms/wilderland-organics-whitianga/,No address — requires research
farms,wind-river-organics,Wind River Organics,New Zealand,Manawatū-Whanganui,Palmerston North,"973 Fitzherbert Road East, RD1, Palmerston North",,,true,true,false,false,/farms/wind-river-organics/,Coordinates missing — address can be used for lookup
farms,woodhouse-farm-organics,Woodhouse Farm Organics,New Zealand,Manawatū-Whanganui,Kairanga,"Kairanga, Palmerston North",,,true,true,true,true,/farms/woodhouse-farm-organics/,Has city/region only — needs street address
farms,zany-zeus,Zany Zeus,NZ,Wellington,Lower Hutt,"129 Randwick Road, Moera, Lower Hutt, Wellington 5010, New Zealand",,,true,true,false,false,/farms/zany-zeus/,Coordinates missing — address can be used for lookup
markets,amberley-farmers-market,Amberley Farmers Market,NZ,Canterbury,Hurunui,122 Carters Road (Amberley Domain),,-43.1567,true,false,false,false,/markets/amberley-farmers-market/,Coordinates missing — address can be used for lookup
markets,ballarat-farmers-market,Ballarat Farmers Market,AU,Victoria,Ballarat,Lake Wendouree,,,true,true,true,true,/markets/ballarat-farmers-market/,Has city/region only — needs street address
markets,bangalow-farmers-market,Bangalow Farmers Market,AU,New South Wales,Bangalow,"Bangalow Hotel, 1 Byron St",,,true,true,false,false,/markets/bangalow-farmers-market/,Coordinates missing — address can be used for lookup
markets,bay-of-islands-farmers-market-kerikeri,Bay Of Islands Farmers Market Kerikeri,NZ,Northland,Kerikeri,"Kerikeri Domain, Hobson Ave",,-35.2268,true,false,false,false,/markets/bay-of-islands-farmers-market-kerikeri/,Coordinates missing — address can be used for lookup
markets,bay-of-islands-farmers-market-paihia,Bay Of Islands Farmers Market Paihia,NZ,Northland,Paihia,"Village Green, 60 Marsden Rd",,-35.2814,true,false,false,false,/markets/bay-of-islands-farmers-market-paihia/,Coordinates missing — address can be used for lookup
markets,bendigo-community-farmers-market,Bendigo Community Farmers Market,AU,Victoria,Bendigo,Sidney Myer Place,,,true,true,false,false,/markets/bendigo-community-farmers-market/,Coordinates missing — address can be used for lookup
markets,byron-bay-farmers-market,Byron Bay Farmers Market,AU,New South Wales,Byron Bay,Butler St Reserve,,,true,true,false,false,/markets/byron-bay-farmers-market/,Coordinates missing — address can be used for lookup
markets,cambridge-farmers-market,Cambridge Farmers Market,NZ,Waikato,Cambridge,"Victoria Square, Victoria Street",,-37.8916,true,false,false,false,/markets/cambridge-farmers-market/,Coordinates missing — address can be used for lookup
markets,catalina-bay-farmers-market,Catalina Bay Farmers Market,New Zealand,Auckland,Auckland,"Boundary Road, Catalina Bay, Hobsonville Point, Auckland 0618",,,true,true,false,false,/markets/catalina-bay-farmers-market/,Coordinates missing — address can be used for lookup
markets,clevedon-village-farmers-market,Clevedon Village Farmers Market,NZ,Auckland,Manukau,107 Monument Road (Clevedon Showgrounds),,-36.9889,true,false,false,false,/markets/clevedon-village-farmers-market/,Coordinates missing — address can be used for lookup
markets,coburg-farmers-market,Coburg Farmers Market,AU,Victoria,Melbourne,"Coburg Primary School, 92 Bell Street",,,true,true,false,false,/markets/coburg-farmers-market/,Coordinates missing — address can be used for lookup
markets,coroglen-farmers-market,Coroglen Farmers Market,NZ,Waikato,Coroglen,Gumtown Hall,,,true,true,true,true,/markets/coroglen-farmers-market/,Has city/region only — needs street address
markets,coromandel-homegrown-community-market,Coromandel Homegrown Community Market,NZ,Waikato,Coromandel,Hike 'n' Bike lawn,,,true,true,true,true,/markets/coromandel-homegrown-community-market/,Has city/region only — needs street address
markets,feilding-farmers-market,Feilding Farmers Market,NZ,Manawatū-Whanganui,Manawatū,Manchester Square,,-40.2274,true,false,false,false,/markets/feilding-farmers-market/,Coordinates missing — address can be used for lookup
markets,ferrymead-night-market,Ferrymead Night Market,New Zealand,Canterbury,Christchurch,"Ferrymead Heritage Park, 50 Ferrymead Park Drive, Heathcote, Christchurch",,,true,true,false,false,/markets/ferrymead-night-market/,Coordinates missing — address can be used for lookup
markets,gasworks-farmers-market,Gasworks Farmers Market,AU,Victoria,Melbourne,21 Graham Street,,,true,true,false,false,/markets/gasworks-farmers-market/,Coordinates missing — address can be used for lookup
markets,gisborne-farmers-market,Gisborne Farmers Market,NZ,Gisborne,Gisborne,"Railway Station, Grey Street",,-38.6639,true,false,false,false,/markets/gisborne-farmers-market/,Coordinates missing — address can be used for lookup
markets,golden-bay-farmers-market,Golden Bay Farmers Market,NZ,Tasman,Takaka,The Square / Village Green,,,true,true,false,false,/markets/golden-bay-farmers-market/,Coordinates missing — address can be used for lookup
markets,grey-lynn-farmers-market,Grey Lynn Farmers Market,NZ,Auckland,Auckland,510 Richmond Road (Grey Lynn Community Centre),,-36.8564,true,false,false,false,/markets/grey-lynn-farmers-market/,Coordinates missing — address can be used for lookup
markets,hamilton-farmers-market,Hamilton Farmers Market,NZ,Waikato,Hamilton,"Te Rapa Racecourse, Ken Browne Dr",,-37.7435,true,false,false,false,/markets/hamilton-farmers-market/,Coordinates missing — address can be used for lookup
markets,harbour-harvest-market,Harbour Harvest Market,New Zealand,Wellington,Te Aro,,-41.292,174.778,false,false,true,false,/markets/harbour-harvest-market/,No address — requires research
markets,hawke-s-bay-farmers-market-hastings,Hawke S Bay Farmers Market Hastings,NZ,Hawke's Bay,Hastings,"Showground Hawke’s Bay, Kenilworth Rd",,-39.6559,true,false,false,false,/markets/hawke-s-bay-farmers-market-hastings/,Coordinates missing — address can be used for lookup
markets,hill-street-farmers-market,Hill Street Farmers Market,NZ,Wellington,Wellington,93 Hill Street,,,true,true,false,false,/markets/hill-street-farmers-market/,Coordinates missing — address can be used for lookup
markets,jan-powers-farmers-market-manly,Jan Powers Farmers Market Manly,AU,Queensland,Brisbane,"Manly Harbour, Royal Esplanade",,,true,true,true,true,/markets/jan-powers-farmers-market-manly/,Has city/region only — needs street address
markets,jan-powers-farmers-market-mitchelton,Jan Powers Farmers Market Mitchelton,AU,Queensland,Brisbane,Blackwood St (Mitchelton Marketplace),,,true,true,false,false,/markets/jan-powers-farmers-market-mitchelton/,Coordinates missing — address can be used for lookup
markets,jan-powers-farmers-market-powerhouse,Jan Powers Farmers Market Powerhouse,AU,Queensland,Brisbane,"Brisbane Powerhouse, 119 Lamington St",,,true,true,false,false,/markets/jan-powers-farmers-market-powerhouse/,Coordinates missing — address can be used for lookup
markets,kapiti-coast-farmers-market,Kapiti Coast Farmers Market,NZ,Wellington,Paraparaumu,Lindale,,,true,true,true,true,/markets/kapiti-coast-farmers-market/,Has city/region only — needs street address
markets,lyttelton-farmers-market,Lyttelton Farmers Market,NZ,Canterbury,Christchurch,London Street (near Lyttelton Main School),,-43.6025,true,false,false,false,/markets/lyttelton-farmers-market/,Coordinates missing — address can be used for lookup
markets,mansfield-farmers-market,Mansfield Farmers Market,AU,Victoria,Mansfield,High Street,,,true,true,false,false,/markets/mansfield-farmers-market/,Coordinates missing — address can be used for lookup
markets,marlborough-farmers-market,Marlborough Farmers Market,NZ,Marlborough,Blenheim,43 Hathaway Street (A&P Showgrounds),,-41.518,true,false,false,false,/markets/marlborough-farmers-market/,Coordinates missing — address can be used for lookup
markets,matakana-village-farmers-market,Matakana Village Farmers' Market,New Zealand,Auckland,Matakana,"2 Matakana Valley Road, Matakana, Auckland",,,true,true,false,false,/markets/matakana-village-farmers-market/,Coordinates missing — address can be used for lookup
markets,mornington-peninsula-farmers-market,Mornington Peninsula Farmers Market,AU,Victoria,Melbourne,Main Street,,,true,true,false,false,/markets/mornington-peninsula-farmers-market/,Coordinates missing — address can be used for lookup
markets,motueka-sunday-market,Motueka Sunday Market,NZ,Tasman,Motueka,Decks Reserve,,,true,true,true,true,/markets/motueka-sunday-market/,Has city/region only — needs street address
markets,mullumbimby-farmers-market,Mullumbimby Farmers Market,AU,New South Wales,Mullumbimby,"Mullumbimby Showgrounds, 62 Main Arm Rd",,,true,true,false,false,/markets/mullumbimby-farmers-market/,Coordinates missing — address can be used for lookup
markets,napier-urban-farmers-market,Napier Urban Farmers Market,NZ,Hawke's Bay,Napier,Clive Square,,-39.4921,true,false,false,false,/markets/napier-urban-farmers-market/,Coordinates missing — address can be used for lookup
markets,nelson-farmers-market,Nelson Farmers Market,NZ,Nelson,Nelson,Morrison Square (243 Trafalgar St),,-41.2708,true,false,false,false,/markets/nelson-farmers-market/,Coordinates missing — address can be used for lookup
markets,northey-street-organic-farmers-market,Northey Street Organic Farmers Market,AU,Queensland,Brisbane,"Northey Street City Farm, 16 Victoria Street",,,true,true,false,false,/markets/northey-street-organic-farmers-market/,Coordinates missing — address can be used for lookup
markets,northland-farmers-market-whangarei,Northland Farmers Market,NZ,Northland,Whangārei,Rust Ave,,,true,true,false,false,/markets/northland-farmers-market-whangarei/,Coordinates missing — address can be used for lookup
markets,oamaru-organics,Oamaru Organics,New Zealand,Otago,Oamaru,"469 Alma-Maheno Road, Alma, Oamaru 9492",,,true,true,false,false,/markets/oamaru-organics/,Coordinates missing — address can be used for lookup
markets,ohoka-farmers-market,Ohoka Farmers Market,New Zealand,Canterbury,Ohoka,"Ohoka Domain, Whites Road, Ohoka",,,true,true,false,false,/markets/ohoka-farmers-market/,Coordinates missing — address can be used for lookup
markets,old-packhouse-market,Old Packhouse Market,New Zealand,Northland,Kerikeri,,,,true,true,true,false,/markets/old-packhouse-market/,No address — requires research
markets,original-matakana-market,Original Matakana Market,New Zealand,Auckland,Matakana,"30 Matakana Valley Road, Matakana 0985",,,true,true,false,false,/markets/original-matakana-market/,Coordinates missing — address can be used for lookup
markets,otago-farmers-market-dunedin,Otago Farmers Market Dunedin,NZ,Otago,Dunedin,Anzac Avenue (Dunedin Railway Station),,-45.8742,true,false,false,false,/markets/otago-farmers-market-dunedin/,Coordinates missing — address can be used for lookup
markets,palmerston-north-farmers-market,Palmerston North Farmers Market,NZ,Manawatū-Whanganui,Palmerston North,The Square,,,true,true,false,false,/markets/palmerston-north-farmers-market/,Coordinates missing — address can be used for lookup
markets,parnell-farmers-market,Parnell Farmers Market,NZ,Auckland,Auckland,"Jubilee Building, 545 Parnell Road",,-36.8543,true,false,false,false,/markets/parnell-farmers-market/,Coordinates missing — address can be used for lookup
markets,queen-victoria-market,Queen Victoria Market,AU,Victoria,Melbourne,513 Elizabeth Street,,,true,true,false,false,/markets/queen-victoria-market/,Coordinates missing — address can be used for lookup
markets,rangitahi-farmers-market,Rangitahi Farmers Market,NZ,Waikato,Raglan,29 Rangitahi Road,,,true,true,false,false,/markets/rangitahi-farmers-market/,Coordinates missing — address can be used for lookup
markets,remarkables-market-queenstown,Remarkables Market Queenstown,NZ,Otago,Queenstown,Remarkables Park,,,true,true,true,true,/markets/remarkables-market-queenstown/,Has city/region only — needs street address
markets,riccarton-sunday-market,Riccarton Sunday Market,New Zealand,Canterbury,Christchurch,"165 Racecourse Road, Riccarton Park, Christchurch",,,true,true,false,false,/markets/riccarton-sunday-market/,Coordinates missing — address can be used for lookup
markets,riverside-market-christchurch,Riverside Market Christchurch,NZ,Canterbury,Christchurch,96 Oxford Terrace,,-43.532,true,false,false,false,/markets/riverside-market-christchurch/,Coordinates missing — address can be used for lookup
markets,rotorua-farmers-market,Rotorua Farmers Market,NZ,Bay of Plenty,Rotorua,"Te Manawa, 1170 Amohau Street",,,true,true,false,false,/markets/rotorua-farmers-market/,Coordinates missing — address can be used for lookup
markets,south-christchurch-farmers-market,South Christchurch Farmers' Market,New Zealand,Canterbury,Christchurch,"Next to South Christchurch Library, 70 Colombo Street, Cashmere, Christchurch",,,true,true,false,false,/markets/south-christchurch-farmers-market/,Coordinates missing — address can be used for lookup
markets,southern-farmers-market-invercargill,Southern Farmers Market Invercargill,NZ,Southland,Invercargill,"South City Mall carpark, 249 Elles Rd",,-46.4171,true,false,false,false,/markets/southern-farmers-market-invercargill/,Coordinates missing — address can be used for lookup
markets,taranaki-farmers-market,Taranaki Farmers Market,NZ,Taranaki,New Plymouth,Currie Street (Huatoki Plaza),,-39.0583,true,false,false,false,/markets/taranaki-farmers-market/,Coordinates missing — address can be used for lookup
markets,te-awamutu-produce-market,Te Awamutu Produce Market,NZ,Waikato,Waipa,"Selwyn Park, Gorst Avenue",,-38.0065,true,false,false,false,/markets/te-awamutu-produce-market/,Coordinates missing — address can be used for lookup
markets,veg-out-st-kilda-farmers-market,Veg Out St Kilda Farmers Market,AU,Victoria,Melbourne,Chaucer Street (Peanut Farm Reserve),,,true,true,false,false,/markets/veg-out-st-kilda-farmers-market/,Coordinates missing — address can be used for lookup
markets,vegan-night-makete,Vegan Night Mākete,New Zealand,Canterbury,Christchurch,"Phillipstown Community Hub, 39 Nursery Road, Christchurch",,,true,true,false,false,/markets/vegan-night-makete/,Coordinates missing — address can be used for lookup
markets,wanaka-farmers-market,Wanaka Farmers Market,NZ,Otago,Wānaka,Ardmore Street (near Bullock Creek),,,true,true,false,false,/markets/wanaka-farmers-market/,Coordinates missing — address can be used for lookup
markets,wellington-harbourside-market,Wellington Harbourside Market,NZ,Wellington,Wellington,Waterloo Quay,,,true,true,true,true,/markets/wellington-harbourside-market/,Has city/region only — needs street address
markets,west-coast-farmers-market-greymouth,West Coast Farmers Market Greymouth,NZ,West Coast,Greymouth,,,,true,true,true,false,/markets/west-coast-farmers-market-greymouth/,No address — requires research
markets,whanganui-river-markets,Whanganui River Markets,NZ,Manawatū-Whanganui,Whanganui,"Whanganui Riverbank, Taupo Quay",,-39.9464,true,false,true,true,/markets/whanganui-river-markets/,Has city/region only — needs street address
markets,whangarei-growers-market,Whangarei Growers Market,NZ,Northland,Whangārei,Water Street (Sunnyside carpark),,-35.7261,true,false,false,false,/markets/whangarei-growers-market/,Coordinates missing — address can be used for lookup
stores,alexandra-everest-mart,Alexandra Everest Mart,New Zealand,Otago,Alexandra,"38 Tarbert Street, Alexandra 9320",,,true,true,false,false,/stores/alexandra-everest-mart/,Coordinates missing — address can be used for lookup
stores,anitas-organic-store-blenheim,Anita’s Organic Store,New Zealand,Marlborough,Blenheim,"46B Wynen Street, Blenheim, Marlborough",,,true,true,false,false,/stores/anitas-organic-store-blenheim/,Coordinates missing — address can be used for lookup
stores,beckenham-butchery,Beckenham Butchery,New Zealand,Canterbury,Christchurch,"140 Colombo Street, Beckenham, Christchurch 8023",,,true,true,false,false,/stores/beckenham-butchery/,Coordinates missing — address can be used for lookup
stores,beetroot-groceries,BeetRoot Groceries,New Zealand,Tasman,Motueka,"211 High Street, Motueka, Tasman",,,true,true,false,false,/stores/beetroot-groceries/,Coordinates missing — address can be used for lookup
stores,bellarine-wholefoods,Bellarine Wholefoods,AU,Victoria,Bellarine Peninsula,2/80 Murradoc Road,,,true,true,false,false,/stores/bellarine-wholefoods/,Coordinates missing — address can be used for lookup
stores,benge-and-co-organics-nelson,Benge And Co Organics Nelson,NZ,Tasman,Nelson,106 Bridge Street,,,true,true,false,false,/stores/benge-and-co-organics-nelson/,Coordinates missing — address can be used for lookup
stores,bin-inn-bethlehem,Bin Inn Bethlehem,NZ,Bay of Plenty,Tauranga,229 Brookfield Terrace,,,true,true,false,false,/stores/bin-inn-bethlehem/,Coordinates missing — address can be used for lookup
stores,bin-inn-blenheim,Bin Inn Blenheim,New Zealand,Marlborough,Blenheim,"32 Maxwell Road, Blenheim Central 7201",,,true,true,false,false,/stores/bin-inn-blenheim/,Coordinates missing — address can be used for lookup
stores,bin-inn-browns-bay,Bin Inn Browns Bay,NZ,Auckland,Auckland,12 Inverness Road,,,true,true,false,false,/stores/bin-inn-browns-bay/,Coordinates missing — address can be used for lookup
stores,bin-inn-burnside-chch,Bin Inn Burnside Chch,NZ,Canterbury,Christchurch,526 Wairakei Road,,,true,true,false,false,/stores/bin-inn-burnside-chch/,Coordinates missing — address can be used for lookup
stores,bin-inn-dinsdale,Bin Inn Dinsdale,NZ,Waikato,Hamilton,47 Whatawhata Road,,,true,true,false,false,/stores/bin-inn-dinsdale/,Coordinates missing — address can be used for lookup
stores,bin-inn-dunedin,Bin Inn Dunedin,NZ,Otago,Dunedin,133 King Edward Street,,,true,true,false,false,/stores/bin-inn-dunedin/,Coordinates missing — address can be used for lookup
stores,bin-inn-feilding,Bin Inn Feilding,NZ,Manawatū-Whanganui,Manawatū,25 Fergusson Street,,,true,true,false,false,/stores/bin-inn-feilding/,Coordinates missing — address can be used for lookup
stores,bin-inn-gisborne,Bin Inn Gisborne,NZ,Gisborne,Gisborne,61 Peel Street,,,true,true,false,false,/stores/bin-inn-gisborne/,Coordinates missing — address can be used for lookup
stores,bin-inn-glenfield,Bin Inn Glenfield,NZ,Auckland,Auckland,"Glenfield Mall, Downing St (Shop 209, L2)",,,true,true,false,false,/stores/bin-inn-glenfield/,Coordinates missing — address can be used for lookup
stores,bin-inn-hamilton-east,Bin Inn Hamilton East,NZ,Waikato,Hamilton,568 Grey Street,,,true,true,false,false,/stores/bin-inn-hamilton-east/,Coordinates missing — address can be used for lookup
stores,bin-inn-hastings-taradale,Bin Inn Hastings Taradale,NZ,Hawke's Bay,Napier,370 Gloucester Street,,,true,true,false,false,/stores/bin-inn-hastings-taradale/,Coordinates missing — address can be used for lookup
stores,bin-inn-howick,Bin Inn Howick,NZ,Auckland,Auckland,219 Moore Street,,,true,true,false,false,/stores/bin-inn-howick/,Coordinates missing — address can be used for lookup
stores,bin-inn-kamo,Bin Inn Kamo,NZ,Northland,Whangārei,386 Kamo Road,,-35.6709,true,false,false,false,/stores/bin-inn-kamo/,Coordinates missing — address can be used for lookup
stores,bin-inn-kapiti-paraparaumu,Bin Inn Kapiti Paraparaumu,NZ,Wellington,Kapiti Coast,3 Ihakara Street,,,true,true,false,false,/stores/bin-inn-kapiti-paraparaumu/,Coordinates missing — address can be used for lookup
stores,bin-inn-lincoln-rd-chch,Bin Inn Lincoln Rd Chch,NZ,Canterbury,Christchurch,15 Lincoln Road,,,true,true,false,false,/stores/bin-inn-lincoln-rd-chch/,Coordinates missing — address can be used for lookup
stores,bin-inn-masterton,Bin Inn Masterton,NZ,Wellington,Masterton,146 Dixon Street,,,true,true,false,false,/stores/bin-inn-masterton/,Coordinates missing — address can be used for lookup
stores,bin-inn-nelson,Bin Inn Nelson,NZ,Nelson,Nelson,25 Vanguard Street,,,true,true,false,false,/stores/bin-inn-nelson/,Coordinates missing — address can be used for lookup
stores,bin-inn-onehunga,Bin Inn Onehunga,NZ,Auckland,Auckland,180 Onehunga Mall,,,true,true,false,false,/stores/bin-inn-onehunga/,Coordinates missing — address can be used for lookup
stores,bin-inn-palmerston-north,Bin Inn Palmerston North,NZ,Manawatū-Whanganui,Palmerston North,313 Church Street,,,true,true,false,false,/stores/bin-inn-palmerston-north/,Coordinates missing — address can be used for lookup
stores,bin-inn-papamoa,Bin Inn Papamoa,NZ,Bay of Plenty,Tauranga,"60 Gravatt Road, Fashion Island",,,true,true,false,false,/stores/bin-inn-papamoa/,Coordinates missing — address can be used for lookup
stores,bin-inn-petone,Bin Inn Petone,NZ,Wellington,Lower Hutt,8 Cambridge Terrace,,,true,true,false,false,/stores/bin-inn-petone/,Coordinates missing — address can be used for lookup
stores,bin-inn-pukekohe,Bin Inn Pukekohe,NZ,Auckland,Auckland,11 Edinburgh Street,,,true,true,false,false,/stores/bin-inn-pukekohe/,Coordinates missing — address can be used for lookup
stores,bin-inn-rangiora,Bin Inn Rangiora,NZ,Canterbury,Waimakariri,9 High Street,,,true,true,false,false,/stores/bin-inn-rangiora/,Coordinates missing — address can be used for lookup
stores,bin-inn-richmond,Bin Inn Richmond,New Zealand,Tasman,Richmond,"271 Queen Street, Richmond 7020",,,true,true,false,false,/stores/bin-inn-richmond/,Coordinates missing — address can be used for lookup
stores,bin-inn-rolleston,Bin Inn Rolleston,NZ,Canterbury,Selwyn,92 Rolleston Drive,,,true,true,false,false,/stores/bin-inn-rolleston/,Coordinates missing — address can be used for lookup
stores,bin-inn-rotorua,Bin Inn Rotorua,NZ,Bay of Plenty,Rotorua,21 Old Taupo Road,,,true,true,false,false,/stores/bin-inn-rotorua/,Coordinates missing — address can be used for lookup
stores,bin-inn-silverdale,Bin Inn Silverdale,NZ,Auckland,Auckland,20 Silverdale Street,,,true,true,false,false,/stores/bin-inn-silverdale/,Coordinates missing — address can be used for lookup
stores,bin-inn-st-andrews,Bin Inn St Andrews,NZ,Waikato,Hamilton,84 Sandwich Road,,,true,true,false,false,/stores/bin-inn-st-andrews/,Coordinates missing — address can be used for lookup
stores,bin-inn-stanmore-rd-chch,Bin Inn Stanmore Rd Chch,NZ,Canterbury,Christchurch,104 Stanmore Road,,,true,true,false,false,/stores/bin-inn-stanmore-rd-chch/,Coordinates missing — address can be used for lookup
stores,bin-inn-stonefields,Bin Inn Stonefields,NZ,Auckland,Auckland,30 Stonefields Ave,,,true,true,false,false,/stores/bin-inn-stonefields/,Coordinates missing — address can be used for lookup
stores,bin-inn-takanini,Bin Inn Takanini,NZ,Auckland,Auckland,230 Great South Road,,,true,true,false,false,/stores/bin-inn-takanini/,Coordinates missing — address can be used for lookup
stores,bin-inn-taupo,Bin Inn Taupo,NZ,Waikato,Taupō,83 Tongariro Street,,,true,true,false,false,/stores/bin-inn-taupo/,Coordinates missing — address can be used for lookup
stores,bin-inn-te-awamutu,Bin Inn Te Awamutu,NZ,Waikato,Waipa,43 Mutu Street,,,true,true,false,false,/stores/bin-inn-te-awamutu/,Coordinates missing — address can be used for lookup
stores,bin-inn-thames,Bin Inn Thames,NZ,Coromandel,Thames-Coromandel,426 Pollen Street,,,true,true,false,false,/stores/bin-inn-thames/,Coordinates missing — address can be used for lookup
stores,bin-inn-timaru,Bin Inn Timaru,NZ,Canterbury,Timaru,9 Theodosia Street,,,true,true,false,false,/stores/bin-inn-timaru/,Coordinates missing — address can be used for lookup
stores,bin-inn-warkworth,Bin Inn Warkworth,NZ,Auckland,Auckland,3 Queen Street,,,true,true,false,false,/stores/bin-inn-warkworth/,Coordinates missing — address can be used for lookup
stores,bin-inn-whakatane,Bin Inn Whakatane,NZ,Bay of Plenty,Whakatane,252 The Strand,,,true,true,false,false,/stores/bin-inn-whakatane/,Coordinates missing — address can be used for lookup
stores,bin-inn-whangarei,Bin Inn Whangarei,NZ,Northland,Whangārei,75 Walton Street,,,true,true,false,false,/stores/bin-inn-whangarei/,Coordinates missing — address can be used for lookup
stores,bliss-box,Bliss Box,New Zealand,Auckland,Auckland,"13B Ride Way, Rosedale, Auckland 0632, New Zealand",,,true,true,false,false,/stores/bliss-box/,Coordinates missing — address can be used for lookup
stores,bohemian-bakery-cashel-street-hq,Bohemian Bakery (Cashel Street HQ),New Zealand,Canterbury,Christchurch,"372 Cashel Street, Christchurch 8011",,,true,true,false,false,/stores/bohemian-bakery-cashel-street-hq/,Coordinates missing — address can be used for lookup
stores,bohemian-bakery-cbd,Bohemian Bakery Café (CBD),New Zealand,Canterbury,Christchurch,"255 Saint Asaph Street, Christchurch 8011",,,true,true,false,false,/stores/bohemian-bakery-cbd/,Coordinates missing — address can be used for lookup
stores,bohemian-bakery-merivale,Bohemian Bakery (Merivale),New Zealand,Canterbury,Christchurch,"2/121 Papanui Road, Merivale Boutique, Christchurch 8014",,,true,true,false,false,/stores/bohemian-bakery-merivale/,Coordinates missing — address can be used for lookup
stores,bohemian-bakery-st-martins,Bohemian Bakery (St Martins),New Zealand,Canterbury,Christchurch,"6 Beckford Road, St Martins, Christchurch",,,true,true,false,false,/stores/bohemian-bakery-st-martins/,Coordinates missing — address can be used for lookup
stores,bohemian-bakery-sumner,Bohemian Bakery (Sumner),New Zealand,Canterbury,Christchurch,"43 Nayland Street, Sumner Mall, Christchurch 8081",,,true,true,false,false,/stores/bohemian-bakery-sumner/,Coordinates missing — address can be used for lookup
stores,brown-owl-organics-rotorua,Brown Owl Organics Rotorua,NZ,Bay of Plenty,Rotorua,197 Ranolf Street,,,true,true,false,false,/stores/brown-owl-organics-rotorua/,Coordinates missing — address can be used for lookup
stores,bulk-eats-warehouse,Bulk Eats Warehouse,AU,Victoria,Melbourne,101 Proximity Drive,,,true,true,false,false,/stores/bulk-eats-warehouse/,Coordinates missing — address can be used for lookup
stores,byron-bay-pork-and-meats,Byron Bay Pork And Meats,AU,New South Wales,Mullumbimby,70 Dalley St,,,true,true,false,false,/stores/byron-bay-pork-and-meats/,Coordinates missing — address can be used for lookup
stores,chantal-shop-napier,Chantal Shop Napier,NZ,Hawke's Bay,Napier,45 Hastings Street,,-39.4929,true,false,false,false,/stores/chantal-shop-napier/,Coordinates missing — address can be used for lookup
stores,city-honest-grocer,City Honest Grocer,New Zealand,Auckland,Grey Lynn,,-36.86,174.739,false,false,true,false,/stores/city-honest-grocer/,No address — requires research
stores,clarks-organic-meat,Clarks Organic Meat,New Zealand,Auckland,Glen Eden,"356 West Coast Road, Glen Eden, Auckland 0602",,,true,true,false,false,/stores/clarks-organic-meat/,Coordinates missing — address can be used for lookup
stores,commons-unity-remakery-lower-hutt,Commons Unity Remakery Lower Hutt,NZ,Wellington,Lower Hutt,310 Waiwhetu Road,,-41.2195,true,false,false,false,/stores/commons-unity-remakery-lower-hutt/,Coordinates missing — address can be used for lookup
stores,commonsense-kapiti,Commonsense Kapiti,NZ,Wellington,Kapiti Coast,"Coastlands Mall, State Highway 1",,-40.9158,true,false,false,false,/stores/commonsense-kapiti/,Coordinates missing — address can be used for lookup
stores,commonsense-kilbirnie,Commonsense Kilbirnie,NZ,Wellington,Wellington,37 Rongotai Road,,-41.3275,true,false,false,false,/stores/commonsense-kilbirnie/,Coordinates missing — address can be used for lookup
stores,commonsense-lower-hutt,Commonsense Lower Hutt,NZ,Wellington,Wellington,37 Waterloo Road,,-41.2121,true,false,false,false,/stores/commonsense-lower-hutt/,Coordinates missing — address can be used for lookup
stores,commonsense-mt-eden,Commonsense Mt Eden,NZ,Auckland,Auckland,"284 Dominion Road, Mt Eden, Auckland",,-36.8828,true,false,false,false,/stores/commonsense-mt-eden/,Coordinates missing — address can be used for lookup
stores,commonsense-wellington-city,Commonsense Wellington City,NZ,Wellington,Wellington,147 Tory Street,,-41.2959,true,false,false,false,/stores/commonsense-wellington-city/,Coordinates missing — address can be used for lookup
stores,complete-wellness,ComplEat Wellness,New Zealand,Southland,Invercargill,"24 Windsor Street, Invercargill 9810",,,true,true,false,false,/stores/complete-wellness/,Coordinates missing — address can be used for lookup
stores,cornucopia-organics-hastings,Cornucopia Organics Hastings,NZ,Hawke's Bay,Hastings,221E Heretaunga Street East,,-39.6403,true,false,false,false,/stores/cornucopia-organics-hastings/,Coordinates missing — address can be used for lookup
stores,earth-food-store-waikanae,Earth Food Store Waikanae,NZ,Wellington,Waikanae,,,,true,true,true,false,/stores/earth-food-store-waikanae/,No address — requires research
stores,earthbound-organics-richmond,Earthbound Organics Richmond,NZ,Tasman,Richmond,,,,true,true,true,false,/stores/earthbound-organics-richmond/,No address — requires research
stores,ecohive-collective-paihia,Ecohive Collective Paihia,New Zealand,Northland,Paihia,,,,true,true,true,false,/stores/ecohive-collective-paihia/,No address — requires research
stores,eithne-health-organics,Eithne Health & Organics,New Zealand,West Coast,Hokitika,"21 Revell Street, Hokitika, West Coast",,,true,true,false,false,/stores/eithne-health-organics/,Coordinates missing — address can be used for lookup
stores,farro-fresh-commercial-bay,Farro Fresh Commercial Bay,NZ,Auckland,Auckland,7 Queen Street (Commercial Bay),,,true,true,false,false,/stores/farro-fresh-commercial-bay/,Coordinates missing — address can be used for lookup
stores,farro-fresh-epsom,Farro Fresh Epsom,NZ,Auckland,Auckland,446 Manukau Road,,-36.8889,true,false,false,false,/stores/farro-fresh-epsom/,Coordinates missing — address can be used for lookup
stores,farro-fresh-grey-lynn,Farro Fresh Grey Lynn,NZ,Auckland,Auckland,34 Westmoreland Street West,,-36.857,true,false,false,false,/stores/farro-fresh-grey-lynn/,Coordinates missing — address can be used for lookup
stores,farro-fresh-mt-eden,Farro Fresh Mt Eden,NZ,Auckland,Auckland,422 Dominion Road,,-36.8841,true,false,false,false,/stores/farro-fresh-mt-eden/,Coordinates missing — address can be used for lookup
stores,farro-fresh-mt-wellington,Farro Fresh Mt Wellington,NZ,Auckland,Auckland,80 Lunn Avenue,,-36.8993,true,false,false,false,/stores/farro-fresh-mt-wellington/,Coordinates missing — address can be used for lookup
stores,farro-fresh-orakei,Farro Fresh Orakei,NZ,Auckland,Auckland,"228 Orakei Road, Orakei Bay Village",,-36.8541,true,false,false,false,/stores/farro-fresh-orakei/,Coordinates missing — address can be used for lookup
stores,farro-fresh-smales-farm,Farro Fresh Smales Farm,NZ,Auckland,Auckland,"Cnr Taharoto & Shakespeare Roads, Smales Farm",,-36.7879,true,false,true,true,/stores/farro-fresh-smales-farm/,Has city/region only — needs street address
stores,feinermans-general-store,Feinerman’s General Store,New Zealand,Otago,Roxburgh,"109 Scotland Street, Roxburgh",,,true,true,false,false,/stores/feinermans-general-store/,Coordinates missing — address can be used for lookup
stores,food-forest-organics,Food Forest Organics,New Zealand,Wellington,Greytown,"101 Main Street, Greytown 5712",,,true,true,false,false,/stores/food-forest-organics/,Coordinates missing — address can be used for lookup
stores,freshchoice-nelson-city,FreshChoice Nelson City,New Zealand,Tasman,Nelson,"69 Collingwood Street, Nelson City, Tasman 7010, New Zealand",,,true,true,false,false,/stores/freshchoice-nelson-city/,Coordinates missing — address can be used for lookup
stores,friends-of-the-earth-food-co-op,Friends Of The Earth Food Co Op,AU,Victoria,Melbourne,312 Smith Street,,,true,true,false,false,/stores/friends-of-the-earth-food-co-op/,Coordinates missing — address can be used for lookup
stores,golden-bay-organics,Golden Bay Organics,New Zealand,Tasman,Takaka,"47 Commercial Street, Takaka, Tasman",,,true,true,false,false,/stores/golden-bay-organics/,Coordinates missing — address can be used for lookup
stores,goodfor-christchurch,GoodFor (Christchurch),New Zealand,Canterbury,Christchurch,"135 Colombo Street, Beckenham, Christchurch 8023",,,true,true,false,false,/stores/goodfor-christchurch/,Coordinates missing — address can be used for lookup
stores,goodfor-grey-lynn,GoodFor Grey Lynn,New Zealand,Auckland,Grey Lynn,"274A Richmond Road, Grey Lynn, Auckland",,,true,true,false,false,/stores/goodfor-grey-lynn/,Coordinates missing — address can be used for lookup
stores,goodfor-kumeu,GoodFor Kumeū,New Zealand,Auckland,Kumeu,"49 Main Road, Kumeū, Auckland",,,true,true,false,false,/stores/goodfor-kumeu/,Coordinates missing — address can be used for lookup
stores,goodfor-takapuna,GoodFor Takapuna,New Zealand,Auckland,Takapuna,"360 Lake Road, Takapuna, Auckland",,,true,true,false,false,/stores/goodfor-takapuna/,Coordinates missing — address can be used for lookup
stores,green-grocer-palmerston-north,Green Grocer Palmerston North,NZ,Manawatū-Whanganui,Palmerston North,239 Broadway Avenue,,,true,true,false,false,/stores/green-grocer-palmerston-north/,Coordinates missing — address can be used for lookup
stores,greenspace-organic-shop,Greenspace Organic Shop,New Zealand,Auckland,Ostend,"20 Tahi Road, Ostend, Waiheke Island",,,true,true,false,false,/stores/greenspace-organic-shop/,Coordinates missing — address can be used for lookup
stores,harbour-co-op-lyttelton,Harbour Co Op Lyttelton,NZ,Canterbury,Christchurch,12 London Street,,-43.6021,true,false,false,false,/stores/harbour-co-op-lyttelton/,Coordinates missing — address can be used for lookup
stores,harris-farm-clayfield,Harris Farm Clayfield,AU,Queensland,Brisbane,823 Sandgate Rd,,,true,true,false,false,/stores/harris-farm-clayfield/,Coordinates missing — address can be used for lookup
stores,harris-farm-isle-of-capri,Harris Farm Isle Of Capri,AU,Queensland,Gold Coast,15-21 Via Roma,,,true,true,false,false,/stores/harris-farm-isle-of-capri/,Coordinates missing — address can be used for lookup
stores,harris-farm-west-end,Harris Farm West End,AU,Queensland,Brisbane,"West Village, 111 Boundary St",,,true,true,false,false,/stores/harris-farm-west-end/,Coordinates missing — address can be used for lookup
stores,herbal-dispensary-raglan,Herbal Dispensary Raglan,NZ,Waikato,Raglan,6 Wallis Street,,,true,true,false,false,/stores/herbal-dispensary-raglan/,Coordinates missing — address can be used for lookup
stores,homegrown-wholefoods-paraparaumu,Homegrown Wholefoods Paraparaumu,NZ,Wellington,Paraparaumu,,,,true,true,true,false,/stores/homegrown-wholefoods-paraparaumu/,No address — requires research
stores,honest-wholefoods-invercargill,Honest Wholefoods Invercargill,NZ,Southland,Invercargill,,,,true,true,true,false,/stores/honest-wholefoods-invercargill/,No address — requires research
stores,ie-produce-takapuna,Ie Produce Takapuna,NZ,Auckland,Auckland,1 Barrys Point Road,,-36.787,true,false,false,false,/stores/ie-produce-takapuna/,Coordinates missing — address can be used for lookup
stores,iga-byron-bay,Iga Byron Bay,AU,New South Wales,Byron Bay,Bayshore Drive,,,true,true,false,false,/stores/iga-byron-bay/,Coordinates missing — address can be used for lookup
stores,iga-mullumbimby,Iga Mullumbimby,AU,New South Wales,Mullumbimby,62 Burringbar Street,,,true,true,false,false,/stores/iga-mullumbimby/,Coordinates missing — address can be used for lookup
stores,interfood-grocery,InterFood Grocery,New Zealand,West Coast,Westport,"278 Palmerston Street, Westport 7825",,,true,true,false,false,/stores/interfood-grocery/,Coordinates missing — address can be used for lookup
stores,kaikoura-quality-store,Kaikoura Quality Store,NZ,Canterbury,Kaikōura,West End,,,true,true,true,true,/stores/kaikoura-quality-store/,Has city/region only — needs street address
stores,liberty-market,Liberty Market,New Zealand,Canterbury,Christchurch,"493 Moorhouse Avenue, Christchurch Central City, Christchurch 8011",,,true,true,false,false,/stores/liberty-market/,Coordinates missing — address can be used for lookup
stores,lily-and-lotus,Lily and Lotus,New Zealand,Auckland,Ostend,"24 Belgium Street, Ostend, Waiheke Island",,,true,true,false,false,/stores/lily-and-lotus/,Coordinates missing — address can be used for lookup
stores,little-farms,Little Farms,New Zealand,Wellington,Masterton,Pirinoa / Wairarapa delivery network,,,true,true,true,true,/stores/little-farms/,Has city/region only — needs street address
stores,live2give-organics,Live2Give Organics,New Zealand,Manawatū-Whanganui,Palmerston North,"15 Cyprus Place, Fitzherbert, Palmerston North, New Zealand",,,true,true,false,false,/stores/live2give-organics/,Coordinates missing — address can be used for lookup
stores,mapari-meats,Mapari Meats,New Zealand,Auckland,Mount Wellington,"Shop 13, 101 Lunn Avenue, Mount Wellington, Auckland 1072",,,true,true,false,false,/stores/mapari-meats/,Coordinates missing — address can be used for lookup
stores,mapua-organics,Mapua Organics,NZ,Tasman,Mapua,,,,true,true,true,false,/stores/mapua-organics/,No address — requires research
stores,mrs-woollys-general-store-glenorchy,Mrs Woollys General Store Glenorchy,NZ,Otago,Glenorchy,24 Oban Street,,,true,true,false,false,/stores/mrs-woollys-general-store-glenorchy/,Coordinates missing — address can be used for lookup
stores,naturally-organic-invercargill,Naturally Organic Invercargill,NZ,Southland,Invercargill,33 Esk Street,,,true,true,false,false,/stores/naturally-organic-invercargill/,Coordinates missing — address can be used for lookup
stores,new-world-durham-street,New World Durham Street,New Zealand,Canterbury,Christchurch,"175 Durham Street South, Christchurch 8011",,,true,true,false,false,/stores/new-world-durham-street/,Coordinates missing — address can be used for lookup
stores,new-world-st-martins,New World St Martins,New Zealand,Canterbury,Christchurch,"92 Wilsons Road, St Martins, Christchurch 8023",,,true,true,false,false,/stores/new-world-st-martins/,Coordinates missing — address can be used for lookup
stores,nourish-lane-mudgeeraba,Nourish Lane Mudgeeraba,AU,Queensland,Gold Coast,"Shop 5, Mudgeeraba Market Shopping Centre, 3 Swan Lane",,,true,true,false,false,/stores/nourish-lane-mudgeeraba/,Coordinates missing — address can be used for lookup
stores,nourish-lane-nerang,Nourish Lane Nerang,AU,Queensland,Gold Coast,"Shop 16, Nerang Mall, 7-27 Cayuga Street",,,true,true,false,false,/stores/nourish-lane-nerang/,Coordinates missing — address can be used for lookup
stores,ooooby-online-organic-boxes,Ooooby Online Organic Boxes,NZ,Canterbury,Christchurch,N/A (HQ: 5 Waterman Place),,,true,true,false,false,/stores/ooooby-online-organic-boxes/,Coordinates missing — address can be used for lookup
stores,organic-buzz,Organic Buzz,New Zealand,Manawatū-Whanganui,Palmerston North,"Shop 1, 337 Broadway Avenue, Palmerston North",,,true,true,false,false,/stores/organic-buzz/,Coordinates missing — address can be used for lookup
stores,organic-corner-deli-whangarei,Organic Corner Deli Whangarei,NZ,Northland,Whangārei,,,,true,true,true,false,/stores/organic-corner-deli-whangarei/,No address — requires research
stores,organically-grown-malvern,Organically Grown Malvern,AU,Victoria,Melbourne,196 Glenferrie Road,,,true,true,false,false,/stores/organically-grown-malvern/,Coordinates missing — address can be used for lookup
stores,organics-out-west,Organics Out West,New Zealand,Auckland,Glen Eden,"39 Glenmall Place, Glen Eden, Auckland",,,true,true,false,false,/stores/organics-out-west/,Coordinates missing — address can be used for lookup
stores,passionfoods-organic-south-melbourne,Passionfoods Organic South Melbourne,AU,Victoria,Melbourne,219 Ferrars Street,,,true,true,false,false,/stores/passionfoods-organic-south-melbourne/,Coordinates missing — address can be used for lookup
stores,pembroke-wines-and-spirits-wanaka,Pembroke Wines And Spirits Wanaka,NZ,Otago,Wānaka,24 Dungarvon Street,,,true,true,false,false,/stores/pembroke-wines-and-spirits-wanaka/,Coordinates missing — address can be used for lookup
stores,picton-organic-store,Picton Organic Store,NZ,Marlborough,Picton,,,,true,true,true,false,/stores/picton-organic-store/,No address — requires research
stores,piko-wholefoods-chch,Piko Wholefoods Chch,NZ,Canterbury,Christchurch,229 Kilmore Street,,-43.529,true,false,false,false,/stores/piko-wholefoods-chch/,Coordinates missing — address can be used for lookup
stores,replenish-for-health-williamstown,Replenish For Health Williamstown,AU,Victoria,Melbourne,34 Douglas Parade,,,true,true,false,false,/stores/replenish-for-health-williamstown/,Coordinates missing — address can be used for lookup
stores,riverton-organic-food-co-op,Riverton Organic Food Co-op,New Zealand,Southland,Riverton,"154 Palmerston Street, Riverton",,,true,true,false,false,/stores/riverton-organic-food-co-op/,Coordinates missing — address can be used for lookup
stores,riverton-organic-shop,Riverton Organic Shop,NZ,Southland,Riverton,,,,true,true,true,false,/stores/riverton-organic-shop/,No address — requires research
stores,sage-bulk-wholefoods-eltham,Sage Bulk Wholefoods Eltham,AU,Victoria,Melbourne,972 Main Road,,,true,true,false,false,/stores/sage-bulk-wholefoods-eltham/,Coordinates missing — address can be used for lookup
stores,sage-bulk-wholefoods-ivanhoe,Sage Bulk Wholefoods Ivanhoe,AU,Victoria,Melbourne,206 Upper Heidelberg Road,,,true,true,false,false,/stores/sage-bulk-wholefoods-ivanhoe/,Coordinates missing — address can be used for lookup
stores,santos-organics-byron-arts-industrial,Santos Organics Byron Arts Industrial,AU,New South Wales,Byron Bay,3/7 Brigantine St,,,true,true,false,false,/stores/santos-organics-byron-arts-industrial/,Coordinates missing — address can be used for lookup
stores,santos-organics-byron-bay-shop,Santos Organics Byron Bay Shop,AU,New South Wales,Byron Bay,105 Jonson St,,,true,true,false,false,/stores/santos-organics-byron-bay-shop/,Coordinates missing — address can be used for lookup
stores,santos-organics-mullumbimby,Santos Organics Mullumbimby,AU,New South Wales,Mullumbimby,51-53 Burringbar St,,,true,true,false,false,/stores/santos-organics-mullumbimby/,Coordinates missing — address can be used for lookup
stores,she-universe-cacao-pod,She Universe Cacao Pod,New Zealand,Canterbury,Christchurch,,,,true,true,true,false,/stores/she-universe-cacao-pod/,No address — requires research
stores,she-universe-malthouse-chocolaterie,She Universe Malthouse Chocolaterie,New Zealand,Canterbury,Christchurch,"The Malthouse Cottage, 69 Colombo Street, Beckenham, Christchurch",,,true,true,false,false,/stores/she-universe-malthouse-chocolaterie/,Coordinates missing — address can be used for lookup
stores,she-universe-riverside-chocolaterie,She Universe Riverside Chocolaterie,New Zealand,Canterbury,Christchurch,"Riverside Market Lane, 84 Cashel Street, Christchurch Central",,,true,true,false,false,/stores/she-universe-riverside-chocolaterie/,Coordinates missing — address can be used for lookup
stores,soul-food-organic,Soul Food Organic,New Zealand,Otago,Queenstown,"The Market, 19 Grant Road, Frankton, Queenstown",,,true,true,false,false,/stores/soul-food-organic/,Coordinates missing — address can be used for lookup
stores,soulfood-organic-wanaka,Soulfood Organic Wanaka,NZ,Otago,Wānaka,,,,true,true,true,false,/stores/soulfood-organic-wanaka/,No address — requires research
stores,source-bulk-foods-queenstown,Source Bulk Foods Queenstown,NZ,Otago,Queenstown,19 Grant Road,,,true,true,false,false,/stores/source-bulk-foods-queenstown/,Coordinates missing — address can be used for lookup
stores,taste-nature-dunedin,Taste Nature Dunedin,NZ,Otago,Dunedin,"131 High Street, Dunedin 9016",,,true,true,false,false,/stores/taste-nature-dunedin/,Coordinates missing — address can be used for lookup
stores,terra-madre-brunswick,Terra Madre Brunswick,AU,Victoria,Melbourne,775–781 Sydney Road,,,true,true,false,false,/stores/terra-madre-brunswick/,Coordinates missing — address can be used for lookup
stores,terra-madre-northcote,Terra Madre Northcote,AU,Victoria,Melbourne,103 High Street,,,true,true,false,false,/stores/terra-madre-northcote/,Coordinates missing — address can be used for lookup
stores,thames-organic-shop,Thames Organic Shop,NZ,Waikato,Thames,736 Pollen Street,,,true,true,false,false,/stores/thames-organic-shop/,Coordinates missing — address can be used for lookup
stores,the-foodland-organic-store,The Foodland Organic Store,New Zealand,Canterbury,Christchurch,"501 Moorhouse Avenue, Waltham, Christchurch 8011, New Zealand",,,true,true,false,false,/stores/the-foodland-organic-store/,Coordinates missing — address can be used for lookup
stores,the-gap-local-organic-co-op,The Gap Local Organic Co Op,AU,Queensland,Brisbane,15 High Street,,,true,true,false,false,/stores/the-gap-local-organic-co-op/,Coordinates missing — address can be used for lookup
stores,the-grocer-kaikoura,The Grocer Kaikoura,NZ,Canterbury,Kaikōura,West End,,,true,true,true,true,/stores/the-grocer-kaikoura/,Has city/region only — needs street address
stores,the-island-grocer,The Island Grocer,New Zealand,Auckland,Oneroa,"110 Ocean View Road, Oneroa, Waiheke Island",,,true,true,false,false,/stores/the-island-grocer/,Coordinates missing — address can be used for lookup
stores,the-source-bulk-foods-balaclava,The Source Bulk Foods Balaclava,AU,Victoria,Melbourne,171 Carlisle Street,,,true,true,false,false,/stores/the-source-bulk-foods-balaclava/,Coordinates missing — address can be used for lookup
stores,the-source-bulk-foods-byron-bay,The Source Bulk Foods Byron Bay,AU,New South Wales,Byron Bay,"Shop 1, 107 Jonson St",,,true,true,false,false,/stores/the-source-bulk-foods-byron-bay/,Coordinates missing — address can be used for lookup
stores,the-source-bulk-foods-southport,The Source Bulk Foods Southport,AU,Queensland,Gold Coast,"Shop T7 Ferry Road Market (Brickworks Centre), 107 Ferry Road",,,true,true,false,false,/stores/the-source-bulk-foods-southport/,Coordinates missing — address can be used for lookup
stores,the-wholefood-pantry-palm-beach,The Wholefood Pantry Palm Beach,AU,Queensland,Gold Coast,"19th Ave Shopping Centre, 155 19th Ave",,,true,true,false,false,/stores/the-wholefood-pantry-palm-beach/,Coordinates missing — address can be used for lookup
stores,tmp-organics-brendale,Tmp Organics Brendale,AU,Queensland,Brendale,18 Bult Drive,,,true,true,false,false,/stores/tmp-organics-brendale/,Coordinates missing — address can be used for lookup
stores,toad-hall-motueka,Toad Hall,New Zealand,Tasman,Motueka,"502 High Street, Motueka, Tasman",,,true,true,false,false,/stores/toad-hall-motueka/,Coordinates missing — address can be used for lookup
stores,untamed-earth-farm-shop,Untamed Earth Farm Shop,New Zealand,Canterbury,Christchurch,"140 Colombo Street, Beckenham, Christchurch 8023",,,true,true,false,false,/stores/untamed-earth-farm-shop/,Coordinates missing — address can be used for lookup
stores,we-love-food-co-op,We Love Food Co Op,AU,Queensland,Brisbane,Wells Place,,,true,true,false,false,/stores/we-love-food-co-op/,Coordinates missing — address can be used for lookup
stores,wee-shop-organics,The Wee Shop Organics,New Zealand,Tasman,Ruby Bay,"155 Stafford Drive, Ruby Bay, Mapua 7005",,,true,true,false,false,/stores/wee-shop-organics/,Coordinates missing — address can be used for lookup
stores,well-hung-artisan-butchery,Well Hung Artisan Butchery,New Zealand,Auckland,Milford,"210 Kitchener Road, Milford, Auckland 0620",,,true,true,false,false,/stores/well-hung-artisan-butchery/,Coordinates missing — address can be used for lookup
stores,westland-whole-foods,Westland Whole Foods,New Zealand,West Coast,Greymouth,"35 Guinness Street, Greymouth 7805",,,true,true,false,false,/stores/westland-whole-foods/,Coordinates missing — address can be used for lookup
stores,westmere-butchery,Westmere Butchery,New Zealand,Auckland,Westmere,"131 Westend Road, Westmere, Auckland",,,true,true,false,false,/stores/westmere-butchery/,Coordinates missing — address can be used for lookup
stores,whanganui-organic-food-co-op,Whanganui Organic Food Co Op,NZ,Manawatū-Whanganui,Whanganui,99 Guyton Street,,,true,true,false,false,/stores/whanganui-organic-food-co-op/,Coordinates missing — address can be used for lookup
stores,wholefood-co-op-hokitika,Wholefood Co Op Hokitika,NZ,West Coast,Hokitika,,,,true,true,true,false,/stores/wholefood-co-op-hokitika/,No address — requires research
stores,wholefood-heaven-wanaka,Wholefood Heaven Wanaka,NZ,Otago,Wānaka,33 Reece Crescent,,,true,true,false,false,/stores/wholefood-heaven-wanaka/,Coordinates missing — address can be used for lookup
stores,zany-zeus-lower-hutt,Zany Zeus Lower Hutt,NZ,Wellington,Lower Hutt,103-109 Gracefield Rd,,,true,true,false,false,/stores/zany-zeus-lower-hutt/,Coordinates missing — address can be used for lookup
restaurants,11th-avenue-by-franks-queenstown,11th Avenue by Frank’s,New Zealand,Otago,Queenstown,,,,true,true,true,false,/restaurants/11th-avenue-by-franks-queenstown/,No address — requires research
restaurants,akito-eatery,Akito Eatery,New Zealand,Auckland,Oneroa,"153 Ocean View Road, Oneroa, Waiheke Island 1081",,,true,true,false,false,/restaurants/akito-eatery/,Coordinates missing — address can be used for lookup
restaurants,alpine-grind-methven,Alpine Grind (Methven),New Zealand,Canterbury,Methven,"121 Main Street, Methven 7730",,,true,true,false,false,/restaurants/alpine-grind-methven/,Coordinates missing — address can be used for lookup
restaurants,amisfield-bistro-queenstown,Amisfield Bistro,New Zealand,Otago,Queenstown,,,,true,true,true,false,/restaurants/amisfield-bistro-queenstown/,No address — requires research
restaurants,amore-food-shop-cafe-timaru,Amore Food Shop & Cafe,New Zealand,Canterbury,Timaru,,,,true,true,true,false,/restaurants/amore-food-shop-cafe-timaru/,No address — requires research
restaurants,arcadia-restaurant-waiheke,Arcadia Restaurant,New Zealand,Auckland,Palm Beach,"39 Palm Road, Palm Beach, Waiheke Island",,,true,true,false,false,/restaurants/arcadia-restaurant-waiheke/,Coordinates missing — address can be used for lookup
restaurants,aro-cafe-wellington,Aro Cafe,New Zealand,Wellington,Wellington,,,,true,true,true,false,/restaurants/aro-cafe-wellington/,No address — requires research
restaurants,barefoot-eatery-christchurch,Barefoot Eatery,New Zealand,Canterbury,Christchurch,,,,true,true,true,false,/restaurants/barefoot-eatery-christchurch/,No address — requires research
restaurants,black-estate-waipara,Black Estate (Waipara),New Zealand,Canterbury,Waipara,"614 Omihi Road, SH1, Waipara Valley 7483",,,true,true,false,false,/restaurants/black-estate-waipara/,Coordinates missing — address can be used for lookup
restaurants,bostock-organic-kitchen-queenstown,Bostock Organic Kitchen Queenstown,New Zealand,Otago,Queenstown,"5 Church Lane, Queenstown",,,true,true,false,false,/restaurants/bostock-organic-kitchen-queenstown/,Coordinates missing — address can be used for lookup
restaurants,bskt-cafe,BSKT Cafe,Australia,Queensland,Gold Coast,4 Lavarack Rd,,,true,true,false,false,/restaurants/bskt-cafe/,Coordinates missing — address can be used for lookup
restaurants,byron-fresh-cafe,Byron Fresh Cafe,Australia,New South Wales,Byron Bay,7 Jonson St,,,true,true,false,false,/restaurants/byron-fresh-cafe/,Coordinates missing — address can be used for lookup
restaurants,camina-thames,Camina,New Zealand,Waikato,Thames,,,,true,true,true,false,/restaurants/camina-thames/,No address — requires research
restaurants,cassette-kensington,Cassette,Australia,Victoria,Melbourne,399 Macaulay Road,,,true,true,false,false,/restaurants/cassette-kensington/,Coordinates missing — address can be used for lookup
restaurants,cellar-door-christchurch,Cellar Door (Christchurch),New Zealand,Canterbury,Christchurch,"Arts Centre of Christchurch, 1 Hereford Street, Christchurch 8013",,,true,true,false,false,/restaurants/cellar-door-christchurch/,Coordinates missing — address can be used for lookup
restaurants,charlottes-kitchen-paihia,Charlotte's Kitchen,New Zealand,Northland,Paihia,,,,true,true,true,false,/restaurants/charlottes-kitchen-paihia/,No address — requires research
restaurants,cheek-cafe,Cheek Cafe,Australia,Queensland,Gold Coast,412/1 Como Crescent,,,true,true,false,false,/restaurants/cheek-cafe/,Coordinates missing — address can be used for lookup
restaurants,clarence-kitchen-collective,Clarence Kitchen Collective,Australia,New South Wales,Grafton,50 Skinner St,,,true,true,false,false,/restaurants/clarence-kitchen-collective/,Coordinates missing — address can be used for lookup
restaurants,coffee-and-kitchen-ballina,Coffee & Kitchen,Australia,New South Wales,Ballina,75-77 River St,,,true,true,false,false,/restaurants/coffee-and-kitchen-ballina/,Coordinates missing — address can be used for lookup
restaurants,combi-elwood,Combi,Australia,Victoria,Melbourne,138-140 Ormond Road,,,true,true,false,false,/restaurants/combi-elwood/,Coordinates missing — address can be used for lookup
restaurants,commune-cafe-burleigh,Commune Cafe,Australia,Queensland,Gold Coast,1844 Gold Coast Hwy,,,true,true,false,false,/restaurants/commune-cafe-burleigh/,Coordinates missing — address can be used for lookup
restaurants,craggy-range-restaurant,Craggy Range Restaurant,New Zealand,Hawke's Bay,Havelock North,,,,true,true,true,false,/restaurants/craggy-range-restaurant/,No address — requires research
restaurants,dripping-bowl-wanaka,Dripping Bowl,New Zealand,Otago,Wānaka,,,,true,true,true,false,/restaurants/dripping-bowl-wanaka/,No address — requires research
restaurants,driving-creek-cafe,Driving Creek Café,New Zealand,Waikato,Coromandel,,,,true,true,true,false,/restaurants/driving-creek-cafe/,No address — requires research
restaurants,east-restaurant-auckland,East Restaurant,New Zealand,Auckland,Auckland,,,,true,true,true,false,/restaurants/east-restaurant-auckland/,No address — requires research
restaurants,eatery-by-franks-queenstown,Eatery by Frank’s,New Zealand,Otago,Queenstown,,,,true,true,true,false,/restaurants/eatery-by-franks-queenstown/,No address — requires research
restaurants,farm-and-co,Farm & Co,Australia,New South Wales,Tweed Heads,529 Cudgen Rd,,,true,true,false,false,/restaurants/farm-and-co/,Coordinates missing — address can be used for lookup
restaurants,federal-diner-wanaka,Federal Diner,New Zealand,Otago,Wānaka,,,,true,true,true,false,/restaurants/federal-diner-wanaka/,No address — requires research
restaurants,freemans-organic-farm,Freeman's Organic Farm,Australia,Queensland,Gold Coast,618 Tomewin Mountain Road,,,true,true,false,false,/restaurants/freemans-organic-farm/,Coordinates missing — address can be used for lookup
restaurants,fridas-field,Frida's Field,Australia,New South Wales,Byron Bay,76 Booyong Rd,,,true,true,false,false,/restaurants/fridas-field/,Coordinates missing — address can be used for lookup
restaurants,friends-of-the-earth-cafe,Friends of the Earth Food Co-op & Cafe,Australia,Victoria,Melbourne,312 Smith Street,,,true,true,false,false,/restaurants/friends-of-the-earth-cafe/,Coordinates missing — address can be used for lookup
restaurants,gatherings-christchurch,Gatherings,New Zealand,Canterbury,Christchurch,Unit 5 / 2 Papanui Road,,,true,true,false,false,/restaurants/gatherings-christchurch/,Coordinates missing — address can be used for lookup
restaurants,good-earth-cafe-dunedin,The Good Earth Cafe,New Zealand,Otago,Dunedin,,,,true,true,true,false,/restaurants/good-earth-cafe-dunedin/,No address — requires research
restaurants,govett-brewster-cafe,Govett-Brewster Cafe (Monica's Eatery),New Zealand,Taranaki,New Plymouth,,,,true,true,true,false,/restaurants/govett-brewster-cafe/,No address — requires research
restaurants,greenland-cafe-wellington,GreenLand Cafe,New Zealand,Wellington,Wellington,,,,true,true,true,false,/restaurants/greenland-cafe-wellington/,No address — requires research
restaurants,greystone-wines-waipara,Greystone Cellar Door & Restaurant,New Zealand,Canterbury,Waipara,"376 Omihi Road, Waipara 7483",,,true,true,false,false,/restaurants/greystone-wines-waipara/,Coordinates missing — address can be used for lookup
restaurants,hapi-organic-cafe-napier,Hapi Organic Cafe & Maara,New Zealand,Hawke's Bay,Napier,,,,true,true,true,false,/restaurants/hapi-organic-cafe-napier/,No address — requires research
restaurants,harvest-restaurant-blenheim,Harvest Restaurant,New Zealand,Marlborough,Blenheim,,,,true,true,true,false,/restaurants/harvest-restaurant-blenheim/,No address — requires research
restaurants,hygge-at-clifton-bay,Hygge at Clifton Bay,New Zealand,Hawke's Bay,Te Awanga,,,,true,true,true,false,/restaurants/hygge-at-clifton-bay/,No address — requires research
restaurants,ilex-cafe-botanic-gardens,Ilex Cafe Botanic Gardens,New Zealand,Canterbury,Christchurch,"Christchurch Botanic Gardens, Christchurch 8013",,,true,true,false,false,/restaurants/ilex-cafe-botanic-gardens/,Coordinates missing — address can be used for lookup
restaurants,jam-organic-cafe-takapuna,Jam Organic Cafe,New Zealand,Auckland,Takapuna,"33–45 Hurstmere Road, Takapuna, Auckland",,,true,true,false,false,/restaurants/jam-organic-cafe-takapuna/,Coordinates missing — address can be used for lookup
restaurants,kakariki-kitchen-whanganui,Kakariki Kitchen,New Zealand,Manawatū-Whanganui,Whanganui,,,,true,true,true,false,/restaurants/kakariki-kitchen-whanganui/,No address — requires research
restaurants,kingi-auckland,kingi,New Zealand,Auckland,Auckland,,,,true,true,true,false,/restaurants/kingi-auckland/,No address — requires research
restaurants,kopupako-kitchen,Kopupako Kitchen,New Zealand,Wellington,Newtown,,-41.312,174.779,false,false,true,false,/restaurants/kopupako-kitchen/,No address — requires research
restaurants,little-bird-kitchen-auckland,Little Bird Kitchen,New Zealand,Auckland,Ponsonby,"1A Summer Street, Rear Tenancy, Ponsonby, Auckland",,,true,true,false,false,/restaurants/little-bird-kitchen-auckland/,Coordinates missing — address can be used for lookup
restaurants,little-poms,Little Poms,New Zealand,Canterbury,Christchurch,"294 Kilmore Street, Christchurch 8011, New Zealand",,,true,true,false,false,/restaurants/little-poms/,Coordinates missing — address can be used for lookup
restaurants,matatoki-cheese-barn,Matatoki Cheese Barn,New Zealand,Waikato,Matatoki,,,,true,true,true,false,/restaurants/matatoki-cheese-barn/,No address — requires research
restaurants,merri-cafe,Merri Cafe,Australia,Victoria,Melbourne,Corner of Roberts & Stewart Streets,,,true,true,true,true,/restaurants/merri-cafe/,Has city/region only — needs street address
restaurants,mesa-verde,Mesa Verde,Australia,Victoria,Melbourne,"Level 6, Curtin House, 252 Swanston Street",,,true,true,false,false,/restaurants/mesa-verde/,Coordinates missing — address can be used for lookup
restaurants,minori-pantry,Minori Pantry,Australia,New South Wales,Kyogle,82 Summerland Way,,,true,true,false,false,/restaurants/minori-pantry/,Coordinates missing — address can be used for lookup
restaurants,misters-auckland,Misters,New Zealand,Auckland,Auckland,,,,true,true,true,false,/restaurants/misters-auckland/,No address — requires research
restaurants,mudbrick-vineyard-and-restaurant,Mudbrick Vineyard & Restaurant,New Zealand,Auckland,Oneroa,"126 Church Bay Road, Oneroa, Waiheke Island",,,true,true,false,false,/restaurants/mudbrick-vineyard-and-restaurant/,Coordinates missing — address can be used for lookup
restaurants,neo-cafe-wellington,Neo Cafe & Eatery,New Zealand,Wellington,Wellington,,,,true,true,true,false,/restaurants/neo-cafe-wellington/,No address — requires research
restaurants,o-my-restaurant,O.MY Restaurant,Australia,Victoria,Melbourne,70 Princes Highway,,,true,true,false,false,/restaurants/o-my-restaurant/,Coordinates missing — address can be used for lookup
restaurants,ode-conscious-dining,Ode Conscious Dining,New Zealand,Otago,Wānaka,"First Floor, 33 Ardmore Street, Wānaka",,,true,true,false,false,/restaurants/ode-conscious-dining/,Coordinates missing — address can be used for lookup
restaurants,odelay-cafe-queenstown,Odelay Cafe,New Zealand,Otago,Queenstown,,,,true,true,true,false,/restaurants/odelay-cafe-queenstown/,No address — requires research
restaurants,old-quarter-wellington,The Old Quarter,New Zealand,Wellington,Wellington,,,,true,true,true,false,/restaurants/old-quarter-wellington/,No address — requires research
restaurants,origine-bistro-auckland,Origine Bistro,New Zealand,Auckland,Auckland,,,,true,true,true,false,/restaurants/origine-bistro-auckland/,No address — requires research
restaurants,paroa-bay-winery-sage,Paroa Bay Winery & Sage Restaurant,New Zealand,Northland,Russell,,,,true,true,true,false,/restaurants/paroa-bay-winery-sage/,No address — requires research
restaurants,pepper-tree-coromandel,The Pepper Tree Restaurant,New Zealand,Waikato,Coromandel,,,,true,true,true,false,/restaurants/pepper-tree-coromandel/,No address — requires research
restaurants,pomeroys-old-brewery-inn,Pomeroy's Old Brewery Inn,New Zealand,Canterbury,Christchurch,"292 Kilmore Street, Christchurch 8011, New Zealand",,,true,true,false,false,/restaurants/pomeroys-old-brewery-inn/,Coordinates missing — address can be used for lookup
restaurants,putia-pure-food-kitchen,Putia Pure Food Kitchen,Australia,Queensland,Brisbane,17 Royal Parade,,,true,true,false,false,/restaurants/putia-pure-food-kitchen/,Coordinates missing — address can be used for lookup
restaurants,quad-eatery-christchurch,Quad Eatery,New Zealand,Canterbury,Christchurch,,,,true,true,true,false,/restaurants/quad-eatery-christchurch/,No address — requires research
restaurants,river-valley-kitchen-taihape,River Valley Kitchen,New Zealand,Manawatū-Whanganui,Taihape,,,,true,true,true,false,/restaurants/river-valley-kitchen-taihape/,No address — requires research
restaurants,rudys-real-food,Rudy's Real Food,Australia,Queensland,Gold Coast,2932 Gold Coast Hwy,,,true,true,false,false,/restaurants/rudys-real-food/,Coordinates missing — address can be used for lookup
restaurants,sawmill-smoko-room-matakana,Sawmill Brewery & Smoko Room,New Zealand,Auckland,Matakana,,,,true,true,true,false,/restaurants/sawmill-smoko-room-matakana/,No address — requires research
restaurants,seedling-cafe,Seedling Cafe,Australia,Victoria,Melbourne,275 Flinders Lane,,,true,true,false,false,/restaurants/seedling-cafe/,Coordinates missing — address can be used for lookup
restaurants,sippy-tom,Sippy Tom,Australia,Queensland,Brisbane,"Winchcombe Carson Woolstores, 54 Vernon Terrace",,,true,true,false,false,/restaurants/sippy-tom/,Coordinates missing — address can be used for lookup
restaurants,solscape-conscious-kitchen,Solscape – The Conscious Kitchen,New Zealand,Waikato,Raglan,,,,true,true,true,false,/restaurants/solscape-conscious-kitchen/,No address — requires research
restaurants,stable-at-cornerstone,Stable at Cornerstone,Australia,Queensland,Gold Coast,570 Gold Coast Highway,,,true,true,false,false,/restaurants/stable-at-cornerstone/,Coordinates missing — address can be used for lookup
restaurants,street-organics-takapuna,Street Organics,New Zealand,Auckland,Takapuna,"1 Byron Avenue, Takapuna, Auckland 0622",,,true,true,false,false,/restaurants/street-organics-takapuna/,Coordinates missing — address can be used for lookup
restaurants,tairua-beach-club,Tairua Beach Club,New Zealand,Waikato,Tairua,,,,true,true,true,false,/restaurants/tairua-beach-club/,No address — requires research
restaurants,taste-nature-kitchen-dunedin,Taste Nature Kitchen,New Zealand,Otago,Dunedin,"131 High Street, Dunedin 9016",,,true,true,false,false,/restaurants/taste-nature-kitchen-dunedin/,Coordinates missing — address can be used for lookup
restaurants,ten-minutes-by-tractor,Ten Minutes by Tractor,Australia,Victoria,Mornington Peninsula,1333 Mornington-Flinders Road,,,true,true,false,false,/restaurants/ten-minutes-by-tractor/,Coordinates missing — address can be used for lookup
restaurants,the-lotus-heart-christchurch,The Lotus-Heart,New Zealand,Canterbury,Christchurch,,,,true,true,true,false,/restaurants/the-lotus-heart-christchurch/,No address — requires research
restaurants,the-origin-christchurch,The Origin,New Zealand,Canterbury,Christchurch,,,,true,true,true,false,/restaurants/the-origin-christchurch/,No address — requires research
restaurants,the-sanctuary-bay-of-islands,The Sanctuary (Bay of Islands),New Zealand,Northland,Paihia,,,,true,true,true,false,/restaurants/the-sanctuary-bay-of-islands/,No address — requires research
restaurants,three-blue-ducks-the-farm-byron-bay,Three Blue Ducks (The Farm Byron Bay),Australia,New South Wales,Byron Bay,11 Ewingsdale Road,,,true,true,false,false,/restaurants/three-blue-ducks-the-farm-byron-bay/,Coordinates missing — address can be used for lookup
restaurants,toad-hall-motueka,Toad Hall Café & Store,New Zealand,Tasman,Motueka,,,,true,true,true,false,/restaurants/toad-hall-motueka/,No address — requires research
restaurants,walk-dont-run,Walk Don't Run,Australia,Victoria,Melbourne,17 Morey Street,,,true,true,false,false,/restaurants/walk-dont-run/,Coordinates missing — address can be used for lookup
restaurants,wholefood-pantry-palm-beach,Wholefood Pantry Palm Beach,Australia,Queensland,Gold Coast,Shop 23 Nineteenth Avenue S/C,,,true,true,false,false,/restaurants/wholefood-pantry-palm-beach/,Coordinates missing — address can be used for lookup
restaurants,wholemeal-cafe-takaka,Wholemeal Cafe,New Zealand,Tasman,Takaka,,,,true,true,true,false,/restaurants/wholemeal-cafe-takaka/,No address — requires research
restaurants,wild-about-wellbeing-farm,Wild About Wellbeing Farm,Australia,Victoria,Yarra Valley,38-40 Hunter Road,,,true,true,false,false,/restaurants/wild-about-wellbeing-farm/,Coordinates missing — address can be used for lookup
distributors,farmers-mill,Farmers Mill,New Zealand,Canterbury,Timaru,"25 Elginshire Street, Washdyke, Timaru 7910",,,true,true,false,false,/distributors/farmers-mill/,Coordinates missing — address can be used for lookup
distributors,first-light-farms,First Light Farms,New Zealand,Hawke's Bay,Havelock North,"Unit 2B, 15 Joll Road, Havelock North 4130",,,true,true,false,false,/distributors/first-light-farms/,Coordinates missing — address can be used for lookup
distributors,free-farmed-nz,Free Farmed New Zealand Pork,New Zealand,Waikato,Hamilton,"6128 Great South Road, Horotiu, Hamilton 3288",,,true,true,false,false,/distributors/free-farmed-nz/,Coordinates missing — address can be used for lookup
distributors,new-zealand-organic-meats,New Zealand Organic Meats,New Zealand,Otago,Tapanui,"869 Hukarere Station Road RD2, Tapanui 9587",,,true,true,false,false,/distributors/new-zealand-organic-meats/,Coordinates missing — address can be used for lookup
distributors,supply-circle-hub,Supply Circle Hub,New Zealand,Canterbury,Christchurch,,-43.532,172.636,false,false,true,false,/distributors/supply-circle-hub/,No address — requires research
vendors,ahi-restaurant,Ahi Restaurant,NZ,Auckland,Auckland,,,,true,true,true,false,/vendors/ahi-restaurant/,No address — requires research
vendors,amaranto-food-truck,Amaranto Food Truck,New Zealand,Auckland,Auckland,"340 Point Chevalier Road, Point Chevalier, Auckland 1022",,,true,true,false,false,/vendors/amaranto-food-truck/,Coordinates missing — address can be used for lookup
vendors,betsy-coffee-truck,Betsy Coffee Truck,New Zealand,Wellington,Porirua,"1 Okowai Road, Aotea, Porirua 5024",,,true,true,false,false,/vendors/betsy-coffee-truck/,Coordinates missing — address can be used for lookup
vendors,bhanga-coffee-cart,Bhanga Coffee Cart,New Zealand,Bay of Plenty,Te Kaha,"Maraetai Schoolhouse Bay, Te Kaha 3199",,,true,true,false,false,/vendors/bhanga-coffee-cart/,Coordinates missing — address can be used for lookup
vendors,brotisserie,Brotisserie,New Zealand,Auckland,Remuera,"81 Greenlane East, Remuera, Auckland 1050",,,true,true,false,false,/vendors/brotisserie/,Coordinates missing — address can be used for lookup
vendors,cafe-irresistiblue,Cafe Irresistiblue,NZ,Waikato,Cambridge,,,,true,true,true,false,/vendors/cafe-irresistiblue/,No address — requires research
vendors,charlie-grace-mobile-cafe,Charlie Grace Mobile Café,New Zealand,Auckland,Whitford,"Whitford, Auckland",,,true,true,true,true,/vendors/charlie-grace-mobile-cafe/,Has city/region only — needs street address
vendors,coffee-la-la,Coffee La La,New Zealand,Waikato,Whitianga,"462 Kuaotunu Wharekaho Road RD 2, Whitianga 3592",,,true,true,false,false,/vendors/coffee-la-la/,Coordinates missing — address can be used for lookup
vendors,coffee-supreme,Coffee Supreme,New Zealand,Wellington,Wellington,"35 Hopper Street, Mount Cook, Wellington 6011",,,true,true,false,false,/vendors/coffee-supreme/,Coordinates missing — address can be used for lookup
vendors,curbside-coffee-and-bagels,Curbside Coffee & Bagels,New Zealand,Otago,Wānaka,"48 Brownston Street, Wānaka 9305",,,true,true,false,false,/vendors/curbside-coffee-and-bagels/,Coordinates missing — address can be used for lookup
vendors,daily-bread-pt-chevalier,Daily Bread Pt Chevalier,NZ,Auckland,Auckland,,,,true,true,true,false,/vendors/daily-bread-pt-chevalier/,No address — requires research
vendors,dripping-bowl,Dripping Bowl,New Zealand,Otago,Wānaka,"82 Anderson Road, Wānaka 9305",,,true,true,false,false,/vendors/dripping-bowl/,Coordinates missing — address can be used for lookup
vendors,dutchys,Dutchy's,New Zealand,Manawatū-Whanganui,Levin,"Levin and Ōtaki area, Lower North Island",,,true,true,true,true,/vendors/dutchys/,Has city/region only — needs street address
vendors,farm-house-cafe,Farm House Cafe,NZ,Auckland,Clevedon,,,,true,true,true,false,/vendors/farm-house-cafe/,No address — requires research
vendors,flagship-eatery,Flagship Eatery,NZ,Gisborne,Gisborne,,,,true,true,true,false,/vendors/flagship-eatery/,No address — requires research
vendors,food-cartel,Food Cartel,New Zealand,Gisborne,Gisborne,"151 Grey Street, Gisborne 4010",,,true,true,false,false,/vendors/food-cartel/,Coordinates missing — address can be used for lookup
vendors,foraged-in-raglan,Foraged In Raglan,NZ,Waikato,Raglan,,,,true,true,true,false,/vendors/foraged-in-raglan/,No address — requires research
vendors,georgies-coffee-cart,Georgies Coffee Cart,New Zealand,Waikato,Ngāruawāhia,"14 Rangawhenua Street, Ngāruawāhia 3720",,,true,true,false,false,/vendors/georgies-coffee-cart/,Coordinates missing — address can be used for lookup
vendors,green-dinner-table,Green Dinner Table,NZ,Canterbury,Christchurch,"21 Coleridge Street, Sydenham, Christchurch 8023",,,true,true,false,false,/vendors/green-dinner-table/,Coordinates missing — address can be used for lookup
vendors,grizzly-baked-goods,Grizzly Baked Goods,NZ,Canterbury,Christchurch,,,,true,true,true,false,/vendors/grizzly-baked-goods/,No address — requires research
vendors,harvest-to-home,Harvest to Home,New Zealand,Auckland,Auckland,,,,true,true,true,false,/vendors/harvest-to-home/,No address — requires research
vendors,havana-coffee-works,Havana Coffee Works,NZ,Wellington,Wellington,163 Tory St,,,true,true,false,false,/vendors/havana-coffee-works/,Coordinates missing — address can be used for lookup
vendors,hill-house-cafe,Hill House Cafe,NZ,Auckland,Auckland,,,,true,true,true,false,/vendors/hill-house-cafe/,No address — requires research
vendors,hillside-kitchen-cellar,Hillside Kitchen Cellar,NZ,Wellington,Wellington,,,,true,true,true,false,/vendors/hillside-kitchen-cellar/,No address — requires research
vendors,honest-wholefood-co-wanaka,Honest Wholefood Co Wanaka,NZ,Otago,Wānaka,,,,true,true,true,false,/vendors/honest-wholefood-co-wanaka/,No address — requires research
vendors,kokako-organic-coffee-roasters,Kokako Organic Coffee Roasters,New Zealand,Auckland,Mount Eden,"9 Charles Street, Mount Eden, Auckland",,,true,true,false,false,/vendors/kokako-organic-coffee-roasters/,Coordinates missing — address can be used for lookup
vendors,little-black-coffee-truck,Little Black Coffee Truck,New Zealand,Wellington,Porirua,"4 Mana Esplanade, Porirua 5026",,,true,true,false,false,/vendors/little-black-coffee-truck/,Coordinates missing — address can be used for lookup
vendors,magic-bean-coffee,Magic Bean Coffee,New Zealand,Auckland,Riverhead,"1261 Coatesville-Riverhead Highway, Riverhead, Auckland 0892",,,true,true,false,false,/vendors/magic-bean-coffee/,Coordinates missing — address can be used for lookup
vendors,mapu-test-kitchen,Mapu Test Kitchen,NZ,Canterbury,Lyttelton,,,,true,true,true,false,/vendors/mapu-test-kitchen/,No address — requires research
vendors,mister-barista-coffee-van,Mister Barista Coffee Van,New Zealand,Auckland,Greenhithe,"1 Greenhithe Road, Greenhithe, Auckland 0632",,,true,true,false,false,/vendors/mister-barista-coffee-van/,Coordinates missing — address can be used for lookup
vendors,moss-coffee-van,Moss Coffee Van,New Zealand,Auckland,Auckland,Auckland (mobile),,,true,true,true,true,/vendors/moss-coffee-van/,Has city/region only — needs street address
vendors,no7-balmac,No7 Balmac,NZ,Otago,Dunedin,,,,true,true,true,false,/vendors/no7-balmac/,No address — requires research
vendors,oatery-wellington,Oatery Wellington,NZ,Wellington,Wellington,,,,true,true,true,false,/vendors/oatery-wellington/,No address — requires research
vendors,oh-acai,Oh Açaí,New Zealand,Auckland,Auckland,"Britomart Market, Auckland",,,true,true,true,true,/vendors/oh-acai/,Has city/region only — needs street address
vendors,orepuki-beach-cafe,Orepuki Beach Cafe,NZ,Southland,Orepuki,,,,true,true,true,false,/vendors/orepuki-beach-cafe/,No address — requires research
vendors,organic-corner-kerikeri,Organic Corner Kerikeri,NZ,Northland,Kerikeri,"Bay of Islands Farmers Market, 10 Hobson Ave",,,true,true,false,false,/vendors/organic-corner-kerikeri/,Coordinates missing — address can be used for lookup
vendors,origin-northland,Origin Northland,NZ,Northland,Waipu,,,,true,true,true,false,/vendors/origin-northland/,No address — requires research
vendors,pixie-truck,Pixie Truck,New Zealand,Hawke's Bay,Havelock North,"10 Napier Road, Havelock North 4130",,,true,true,false,false,/vendors/pixie-truck/,Coordinates missing — address can be used for lookup
vendors,power-plant-wholefood-organic-store,Power Plant Wholefood Organic Store,NZ,Northland,Whangārei,,,,true,true,true,false,/vendors/power-plant-wholefood-organic-store/,No address — requires research
vendors,purple-vibes,Purple Vibes,New Zealand,Auckland,Auckland,Auckland (mobile),,,true,true,true,true,/vendors/purple-vibes/,Has city/region only — needs street address
vendors,rawe-organic-smoothie-bar,RAWE Organic Smoothie Bar,New Zealand,Auckland,North Shore,"North Shore, Auckland",,,true,true,true,true,/vendors/rawe-organic-smoothie-bar/,Has city/region only — needs street address
vendors,salty-swamis,Salty Swamis,New Zealand,Tasman,Marahau,"14 Harvey Road, Marahau",,,true,true,false,false,/vendors/salty-swamis/,Coordinates missing — address can be used for lookup
vendors,sandfire-seedlings-hawkes-bay,Sandfire Seedlings Hawkes Bay,NZ,Hawke's Bay,,Hawke's Bay Farmers' Market,,,true,true,true,true,/vendors/sandfire-seedlings-hawkes-bay/,Has city/region only — needs street address
vendors,scarecrow,Scarecrow,NZ,Auckland,Auckland,"33 Victoria Street East, Auckland",,,true,true,false,false,/vendors/scarecrow/,Coordinates missing — address can be used for lookup
vendors,selwyn-co-op,Selwyn Co Op,NZ,Canterbury,Rolleston,"Rolleston, Selwyn District, Canterbury",,,true,true,true,true,/vendors/selwyn-co-op/,Has city/region only — needs street address
vendors,she-universe-chocolate,She Universe Chocolate,NZ,Canterbury,Christchurch,"Riverside Market Lane, 84 Cashel Street, Christchurch Central",,,true,true,false,false,/vendors/she-universe-chocolate/,Coordinates missing — address can be used for lookup
vendors,shepherd,Shepherd,NZ,Wellington,Wellington,,,,true,true,true,false,/vendors/shepherd/,No address — requires research
vendors,sherwood-queenstown,Sherwood Queenstown,NZ,Otago,Queenstown,"554–558 Frankton Road, Queenstown 9300, New Zealand",,,true,true,false,false,/vendors/sherwood-queenstown/,Coordinates missing — address can be used for lookup
vendors,st-georges-restaurant,St Georges Restaurant,NZ,Hawke's Bay,Havelock North,,,,true,true,true,false,/vendors/st-georges-restaurant/,No address — requires research
vendors,steampunk-coffee,Steampunk Coffee,New Zealand,Taranaki,Hāwera,"Bunnings Hawera Car Park, Hāwera",,,true,true,true,true,/vendors/steampunk-coffee/,Has city/region only — needs street address
vendors,sunshine-gelato,Sunshine Gelato,New Zealand,Auckland,Hobsonville,"Catalina Bay Farmers Market, Hobsonville Point, Auckland",,,true,true,true,true,/vendors/sunshine-gelato/,Has city/region only — needs street address
vendors,tasman-bay-salt-co,Tasman Bay Salt Co,NZ,Tasman,,,,,true,true,true,false,/vendors/tasman-bay-salt-co/,No address — requires research
vendors,the-bikery-cafe,The Bikery Cafe,NZ,Waikato,Cambridge,,,,true,true,true,false,/vendors/the-bikery-cafe/,No address — requires research
vendors,the-coffee-store-coffee-cart-hire,The Coffee Store (Coffee Cart Hire),New Zealand,Auckland,North Shore,"North Shore, Auckland",,,true,true,true,true,/vendors/the-coffee-store-coffee-cart-hire/,Has city/region only — needs street address
vendors,the-dukes-of-sandwich,The Dukes of Sandwich,New Zealand,Canterbury,Christchurch,"The Commons, corner of Kilmore & Durham Streets, Christchurch 8013",,,true,true,false,false,/vendors/the-dukes-of-sandwich/,Coordinates missing — address can be used for lookup
vendors,the-falls-retreat,The Falls Retreat,NZ,Waikato,Waihi,,,,true,true,true,false,/vendors/the-falls-retreat/,No address — requires research
vendors,the-good-spot-caravan,The Good Spot Caravan,New Zealand,Otago,Wānaka,"34 Anderson Road, Wānaka",,,true,true,false,false,/vendors/the-good-spot-caravan/,Coordinates missing — address can be used for lookup
vendors,the-tinman,The Tinman,New Zealand,Auckland,Auckland,Auckland (mobile),,,true,true,true,true,/vendors/the-tinman/,Has city/region only — needs street address
vendors,the-waiheke-bean,The Waiheke Bean,New Zealand,Auckland,Ostend,"20 Tahi Road, Ostend, Waiheke Island 1081",,,true,true,false,false,/vendors/the-waiheke-bean/,Coordinates missing — address can be used for lookup
vendors,the-wholemeal-cafe,The Wholemeal Cafe,NZ,Tasman,Tākaka,,,,true,true,true,false,/vendors/the-wholemeal-cafe/,No address — requires research
vendors,triple-one-coffee,Triple One Coffee,New Zealand,Bay of Plenty,Tauranga,"832 Cameron Road, Tauranga 3112",,,true,true,false,false,/vendors/triple-one-coffee/,Coordinates missing — address can be used for lookup
vendors,urban-flair,Urban Flair,New Zealand,Auckland,Auckland,Auckland (mobile food truck),,,true,true,true,true,/vendors/urban-flair/,Has city/region only — needs street address
vendors,vitality-organics,Vitality Organics,New Zealand,Bay of Plenty,Mount Maunganui,"322 Maunganui Road, Mount Maunganui 3116",,,true,true,false,false,/vendors/vitality-organics/,Coordinates missing — address can be used for lookup
vendors,volcanoview-restaurant-bar,Volcanoview Restaurant Bar,NZ,Taranaki,New Plymouth,,,,true,true,true,false,/vendors/volcanoview-restaurant-bar/,No address — requires research
vendors,waiheke-distilling-co,Waiheke Distilling Co.,New Zealand,Auckland,Waiheke Island,"258 Cowes Bay Road, Waiheke Island",,,true,true,false,false,/vendors/waiheke-distilling-co/,Coordinates missing — address can be used for lookup
vendors,wildflour-whangarei,Wildflour Whangarei,NZ,Northland,Whangārei,,,,true,true,true,false,/vendors/wildflour-whangarei/,No address — requires research
vendors,wipeout-kitchen,Wipeout Kitchen,New Zealand,Auckland,Auckland,Auckland (mobile food truck),,,true,true,true,true,/vendors/wipeout-kitchen/,Has city/region only — needs street address
vendors,yolanda-and-wolfe-coffee-caravan,Yolanda and Wolfe Coffee Caravan,New Zealand,Auckland,Hobsonville,"Unit 5, 3 Workspace Drive, Hobsonville, Auckland",,,true,true,false,false,/vendors/yolanda-and-wolfe-coffee-caravan/,Coordinates missing — address can be used for lookup
vendors,zens-kitchen,Zen's Kitchen,New Zealand,Tasman,Murchison,"38 Waller Street, Murchison 7007",,,true,true,false,false,/vendors/zens-kitchen/,Coordinates missing — address can be used for lookup
vendors,zephyr-wainui,Zephyr Wainui,NZ,Gisborne,Gisborne,,,,true,true,true,false,/vendors/zephyr-wainui/,No address — requires research
