collection,slug,title,country,region,city,address,lat,lon,listing_url,query
farms,ahikaaroa-trust,Ahikaaroa Trust,NZ,Northland,Kaitaia,,,,/farms/ahikaaroa-trust/,"Ahikaaroa Trust, Kaitaia, Northland, NZ"
farms,figs-hawkes-bay,Figs Hawke's Bay,NZ,Hawke's Bay,Havelock North,,,,/farms/figs-hawkes-bay/,"Figs Hawke's Bay, Havelock North, Hawke's Bay, NZ"
farms,revival-market-garden,Revival Market Garden,New Zealand,Auckland,Waiheke Island,,,,/farms/revival-market-garden/,"Revival Market Garden, Waiheke Island, Auckland, New Zealand"
farms,allandale-regenerative-farm,Allandale Regenerative Farm,New Zealand,Canterbury,Amberley,,,,/farms/allandale-regenerative-farm/,"Allandale Regenerative Farm, Amberley, Canterbury, New Zealand"
farms,rebel-gardens,Rebel Gardens,New Zealand,Wellington,Martinborough,Between Martinborough and Greytown,,,/farms/rebel-gardens/,"Between Martinborough and Greytown, Martinborough, Wellington, New Zealand"
farms,frenz-eggs,FRENZ Eggs,NZ,Auckland,Papakura,,,,/farms/frenz-eggs/,"FRENZ Eggs, Papakura, Auckland, NZ"
farms,akarua,Akarua,NZ,Otago,Bannockburn,265 Arrowtown-Lake Hayes Road (tasting room),,,/farms/akarua/,"265 Arrowtown-Lake Hayes Road (tasting room), Bannockburn, Otago, NZ"
farms,olliff-farm,Olliff Farm,New Zealand,Auckland,Silverdale,"438 Waitoki Road, RD1 Silverdale, Auckland 0994",,,/farms/olliff-farm/,"438 Waitoki Road, RD1 Silverdale, Auckland 0994, Silverdale, Auckland, New Zealand"
farms,jj-organics-napier,JJ Organics,New Zealand,Hawke's Bay,Napier,,,,/farms/jj-organics-napier/,"JJ Organics, Napier, Hawke's Bay, New Zealand"
farms,farm-slug,Name of farm,Country name,Region or state,City or town,,,,/farms/farm-slug/,"Name of farm, City or town, Region or state, Country name"
farms,six-acres-farm,Six Acres Farm,New Zealand,Taranaki,Brixton,"141 Richmond Road, RD3, New Plymouth 4373",,,/farms/six-acres-farm/,"141 Richmond Road, RD3, New Plymouth 4373, Brixton, Taranaki, New Zealand"
farms,tidal-organics,Tidal Organics,New Zealand,Auckland,Te Whau,"47 Margaret Reeve Lane, Te Whau, Waiheke Island",,,/farms/tidal-organics/,"47 Margaret Reeve Lane, Te Whau, Waiheke Island, Te Whau, Auckland, New Zealand"
farms,uma-rapiti-farm,Uma Rapiti Farm,New Zealand,Auckland,Waiheke Island,,,,/farms/uma-rapiti-farm/,"Uma Rapiti Farm, Waiheke Island, Auckland, New Zealand"
farms,te-matuku-grove,Te Matuku Grove,New Zealand,Auckland,Waiheke Island,,,,/farms/te-matuku-grove/,"Te Matuku Grove, Waiheke Island, Auckland, New Zealand"
farms,artemis-ltd,Artemis Ltd,NZ,Otago,Dunedin,,,,/farms/artemis-ltd/,"Artemis Ltd, Dunedin, Otago, NZ"
farms,blue-mountain-station,Blue Mountain Station,NZ,Otago,Tapanui,"815 Rae Road, Tapanui",,,/farms/blue-mountain-station/,"815 Rae Road, Tapanui, Tapanui, Otago, NZ"
farms,moana-organics,Moana Organics,New Zealand,Wellington,Paekakariki,,-40.991,174.957,/farms/moana-organics/,"Moana Organics, Paekakariki, Wellington, New Zealand"
farms,cardrona-merino,Cardrona Merino,New Zealand,Otago,Cardrona Valley,,-44.7495794,169.1197983,/farms/cardrona-merino/,"Cardrona Merino, Cardrona Valley, Otago, New Zealand"
farms,wilderland-organics-whitianga,Wilderland Organics,New Zealand,Waikato,Whitianga,,-36.8333,175.7,/farms/wilderland-organics-whitianga/,"Wilderland Organics, Whitianga, Waikato, New Zealand"
farms,reikorangi-organic-gardens,Reikorangi Organic Gardens,New Zealand,Wellington,Waikanae,,,,/farms/reikorangi-organic-gardens/,"Reikorangi Organic Gardens, Waikanae, Wellington, New Zealand"
farms,kaiwhenua-organics,Kaiwhenua Organics,NZ,Waikato,Raglan,,,,/farms/kaiwhenua-organics/,"Kaiwhenua Organics, Raglan, Waikato, NZ"
farms,milmore-downs,Milmore Downs,New Zealand,Canterbury,Scargill Valley,"Panets Road, Scargill Valley, Canterbury",,,/farms/milmore-downs/,"Panets Road, Scargill Valley, Canterbury, Scargill Valley, Canterbury, New Zealand"
farms,streamside-organics,Streamside Organics,New Zealand,Canterbury,Southbridge,"1112 Leeston Road, Southbridge 7683",,,/farms/streamside-organics/,"1112 Leeston Road, Southbridge 7683, Southbridge, Canterbury, New Zealand"
farms,ashley-river-organics,Ashley River Organics,New Zealand,Canterbury,Loburn,"35 Fletchers Road, Loburn, Rangiora 7472",,,/farms/ashley-river-organics/,"35 Fletchers Road, Loburn, Rangiora 7472, Loburn, Canterbury, New Zealand"
farms,waipuna-pastures,Waipuna Pastures,New Zealand,Canterbury,Geraldine,,-44.094,171.243,/farms/waipuna-pastures/,"Waipuna Pastures, Geraldine, Canterbury, New Zealand"
farms,bella-olea,Bella Olea,New Zealand,Wellington,Greytown,Tauherenikau / outskirts of Greytown,,,/farms/bella-olea/,"Tauherenikau / outskirts of Greytown, Greytown, Wellington, New Zealand"
farms,early-bird-organics,Early Bird Organics,NZ,Hawke's Bay,Wairoa,,,,/farms/early-bird-organics/,"Early Bird Organics, Wairoa, Hawke's Bay, NZ"
farms,durham-farms,Durham Farms,NZ,Northland,Waipu,,,,/farms/durham-farms/,"Durham Farms, Waipu, Northland, NZ"
farms,kaitake-farm,Kaitake Farm,New Zealand,Taranaki,New Plymouth,"22 Kaitake Road, RD4, New Plymouth 4374",,,/farms/kaitake-farm/,"22 Kaitake Road, RD4, New Plymouth 4374, New Plymouth, Taranaki, New Zealand"
farms,three-oaks-organic-farm,Three Oaks Organic Farm,New Zealand,Manawatū-Whanganui,Kairanga,"141 Aranui Road, RD5, Kairanga, Palmerston North",,,/farms/three-oaks-organic-farm/,"141 Aranui Road, RD5, Kairanga, Palmerston North, Kairanga, Manawatū-Whanganui, New Zealand"
farms,hamlin-road-farm,Hamlin Road Farm,New Zealand,Auckland,Ardmore,"140 Hamlin Road, Ardmore, Papakura 2582, Auckland",,,/farms/hamlin-road-farm/,"140 Hamlin Road, Ardmore, Papakura 2582, Auckland, Ardmore, Auckland, New Zealand"
farms,forest-maker-honey,Forest Maker Honey,NZ,Wellington,Wellington,,,,/farms/forest-maker-honey/,"Forest Maker Honey, Wellington, Wellington, NZ"
farms,four-corners-organics,Four Corners Organics,New Zealand,Wellington,Masterton,"Masterton, Wairarapa",,,/farms/four-corners-organics/,"Masterton, Wairarapa, Masterton, Wellington, New Zealand"
farms,karaka-farm-kaikoura,Karaka Farm,New Zealand,Canterbury,Kaikōura Flats,,,,/farms/karaka-farm-kaikoura/,"Karaka Farm, Kaikōura Flats, Canterbury, New Zealand"
farms,wind-river-organics,Wind River Organics,New Zealand,Manawatū-Whanganui,Palmerston North,"973 Fitzherbert Road East, RD1, Palmerston North",,,/farms/wind-river-organics/,"973 Fitzherbert Road East, RD1, Palmerston North, Palmerston North, Manawatū-Whanganui, New Zealand"
farms,zany-zeus,Zany Zeus,NZ,Wellington,Lower Hutt,"129 Randwick Road, Moera, Lower Hutt, Wellington 5010, New Zealand",,,/farms/zany-zeus/,"129 Randwick Road, Moera, Lower Hutt, Wellington 5010, New Zealand, Lower Hutt, Wellington, NZ"
farms,the-organic-farm,The Organic Farm,NZ,Hawke's Bay,Hastings,"300 Eastbourne Street West, Hastings 4122, New Zealand",,,/farms/the-organic-farm/,"300 Eastbourne Street West, Hastings 4122, New Zealand, Hastings, Hawke's Bay, NZ"
farms,kapiti-free-range-eggs,Kapiti Free Range Eggs,New Zealand,Wellington,Kapiti Coast,,-40.9047357,174.9861365,/farms/kapiti-free-range-eggs/,"Kapiti Free Range Eggs, Kapiti Coast, Wellington, New Zealand"
farms,awarua-organics,AwaRua Organics,NZ,Southland,Invercargill,,,,/farms/awarua-organics/,"AwaRua Organics, Invercargill, Southland, NZ"
farms,t-gasper,T Gasper,New Zealand,Wellington,Masterton,"Masterton, Wairarapa",,,/farms/t-gasper/,"Masterton, Wairarapa, Masterton, Wellington, New Zealand"
farms,honeylicious,Honeylicious,NZ,Hawke's Bay,Hastings,,,,/farms/honeylicious/,"Honeylicious, Hastings, Hawke's Bay, NZ"
farms,coro-fresh-goodness-growers,Coro Fresh (Goodness Growers),New Zealand,Waikato,Coroglen,,,,/farms/coro-fresh-goodness-growers/,"Coro Fresh (Goodness Growers), Coroglen, Waikato, New Zealand"
farms,earthbound-honey,Earthbound Honey,New Zealand,Northland,Whangārei,,,,/farms/earthbound-honey/,"Earthbound Honey, Whangārei, Northland, New Zealand"
farms,coraltree-organic-products,CoralTree Organic Products,NZ,Hawke's Bay,Hastings,,,,/farms/coraltree-organic-products/,"CoralTree Organic Products, Hastings, Hawke's Bay, NZ"
farms,jersey-girl-organics,Jersey Girl Organics,NZ,Waikato,Matamata,"74 Hinuera Road, RD 2, Matamata, 3472, New Zealand",,,/farms/jersey-girl-organics/,"74 Hinuera Road, RD 2, Matamata, 3472, New Zealand, Matamata, Waikato, NZ"
farms,kennedy-point-vineyard,Kennedy Point Vineyard,New Zealand,Auckland,Waiheke Island,"44 Donald Bruce Road, Waiheke Island",,,/farms/kennedy-point-vineyard/,"44 Donald Bruce Road, Waiheke Island, Waiheke Island, Auckland, New Zealand"
farms,the-ata-farm,The Āta Farm,New Zealand,Auckland,Waiheke Island,,,,/farms/the-ata-farm/,"The Āta Farm, Waiheke Island, Auckland, New Zealand"
farms,bayleaf-organics-haumoana,Bayleaf Organics,New Zealand,Hawke's Bay,Haumoana,"20 Palomino Road, RD 10, Haumoana, 4180, New Zealand",,,/farms/bayleaf-organics-haumoana/,"20 Palomino Road, RD 10, Haumoana, 4180, New Zealand, Haumoana, Hawke's Bay, New Zealand"
farms,untamed-earth,Untamed Earth,New Zealand,Canterbury,Christchurch,"Christchurch, Canterbury (farm location not publicly listed)",,,/farms/untamed-earth/,"Christchurch, Canterbury (farm location not publicly listed), Christchurch, Canterbury, New Zealand"
farms,te-manaia-organics,Te Manaia Organics,New Zealand,Wellington,Masterton,Outskirts of Masterton (alluvial lands),,,/farms/te-manaia-organics/,"Outskirts of Masterton (alluvial lands), Masterton, Wellington, New Zealand"
markets,grey-lynn-farmers-market,Grey Lynn Farmers Market,NZ,Auckland,Auckland,510 Richmond Road (Grey Lynn Community Centre),,-36.8564,/markets/grey-lynn-farmers-market/,"510 Richmond Road (Grey Lynn Community Centre), Auckland, Auckland, NZ"
markets,southern-farmers-market-invercargill,Southern Farmers Market (Invercargill),NZ,Southland,Invercargill,"South City Mall carpark, 249 Elles Rd",,-46.4171,/markets/southern-farmers-market-invercargill/,"South City Mall carpark, 249 Elles Rd, Invercargill, Southland, NZ"
markets,bangalow-farmers-market,Bangalow Farmers Market,AU,New South Wales,Bangalow,"Bangalow Hotel, 1 Byron St",,,/markets/bangalow-farmers-market/,"Bangalow Hotel, 1 Byron St, Bangalow, New South Wales, AU"
markets,bay-of-islands-farmers-market-kerikeri,Bay of Islands Farmers Market – Kerikeri,NZ,Northland,Kerikeri,"Kerikeri Domain, Hobson Ave",,-35.2268,/markets/bay-of-islands-farmers-market-kerikeri/,"Kerikeri Domain, Hobson Ave, Kerikeri, Northland, NZ"
markets,market-slug,Market name,Country name,Region or state,City or town,,,,/markets/market-slug/,"Market name, City or town, Region or state, Country name"
markets,te-awamutu-produce-market,Te Awamutu Produce Market,NZ,Waikato,Waipa,"Selwyn Park, Gorst Avenue",,-38.0065,/markets/te-awamutu-produce-market/,"Selwyn Park, Gorst Avenue, Waipa, Waikato, NZ"
markets,amberley-farmers-market,Amberley Farmers Market,NZ,Canterbury,Hurunui,122 Carters Road (Amberley Domain),,-43.1567,/markets/amberley-farmers-market/,"122 Carters Road (Amberley Domain), Hurunui, Canterbury, NZ"
markets,old-packhouse-market,The Old Packhouse Market,New Zealand,Northland,Kerikeri,,,,/markets/old-packhouse-market/,"The Old Packhouse Market, Kerikeri, Northland, New Zealand"
markets,veg-out-st-kilda-farmers-market,Veg Out St Kilda Farmers' Market,AU,Victoria,Melbourne,Chaucer Street (Peanut Farm Reserve),,,/markets/veg-out-st-kilda-farmers-market/,"Chaucer Street (Peanut Farm Reserve), Melbourne, Victoria, AU"
markets,hamilton-farmers-market,Hamilton Farmers Market,NZ,Waikato,Hamilton,"Te Rapa Racecourse, Ken Browne Dr",,-37.7435,/markets/hamilton-farmers-market/,"Te Rapa Racecourse, Ken Browne Dr, Hamilton, Waikato, NZ"
markets,northland-farmers-market-whangarei,Northland Farmers Market,NZ,Northland,Whangārei,Rust Ave,,,/markets/northland-farmers-market-whangarei/,"Rust Ave, Whangārei, Northland, NZ"
markets,gisborne-farmers-market,Gisborne Farmers Market,NZ,Gisborne,Gisborne,"Railway Station, Grey Street",,-38.6639,/markets/gisborne-farmers-market/,"Railway Station, Grey Street, Gisborne, Gisborne, NZ"
markets,harbour-harvest-market,Harbour Harvest Market,New Zealand,Wellington,Te Aro,,-41.292,174.778,/markets/harbour-harvest-market/,"Harbour Harvest Market, Te Aro, Wellington, New Zealand"
markets,rotorua-farmers-market,Rotorua Farmers Market,NZ,Bay of Plenty,Rotorua,"Te Manawa, 1170 Amohau Street",,,/markets/rotorua-farmers-market/,"Te Manawa, 1170 Amohau Street, Rotorua, Bay of Plenty, NZ"
markets,jan-powers-farmers-market-mitchelton,Jan Powers Farmers Market (Mitchelton),AU,Queensland,Brisbane,Blackwood St (Mitchelton Marketplace),,,/markets/jan-powers-farmers-market-mitchelton/,"Blackwood St (Mitchelton Marketplace), Brisbane, Queensland, AU"
markets,oamaru-organics,Oamaru Organics,New Zealand,Otago,Oamaru,"469 Alma-Maheno Road, Alma, Oamaru 9492",,,/markets/oamaru-organics/,"469 Alma-Maheno Road, Alma, Oamaru 9492, Oamaru, Otago, New Zealand"
markets,remarkables-market-queenstown,Remarkables Market,NZ,Otago,Queenstown,Remarkables Park,,,/markets/remarkables-market-queenstown/,"Remarkables Park, Queenstown, Otago, NZ"
markets,byron-bay-farmers-market,Byron Bay Farmers Market,AU,New South Wales,Byron Bay,Butler St Reserve,,,/markets/byron-bay-farmers-market/,"Butler St Reserve, Byron Bay, New South Wales, AU"
markets,west-coast-farmers-market-greymouth,West Coast Farmers Market,NZ,West Coast,Greymouth,,,,/markets/west-coast-farmers-market-greymouth/,"West Coast Farmers Market, Greymouth, West Coast, NZ"
markets,marlborough-farmers-market,Marlborough Farmers Market,NZ,Marlborough,Blenheim,43 Hathaway Street (A&P Showgrounds),,-41.518,/markets/marlborough-farmers-market/,"43 Hathaway Street (A&P Showgrounds), Blenheim, Marlborough, NZ"
markets,bay-of-islands-farmers-market-paihia,Bay of Islands Farmers Market – Paihia,NZ,Northland,Paihia,"Village Green, 60 Marsden Rd",,-35.2814,/markets/bay-of-islands-farmers-market-paihia/,"Village Green, 60 Marsden Rd, Paihia, Northland, NZ"
markets,coromandel-homegrown-community-market,Coromandel Town Homegrown Community Market,NZ,Waikato,Coromandel,Hike 'n' Bike lawn,,,/markets/coromandel-homegrown-community-market/,"Hike 'n' Bike lawn, Coromandel, Waikato, NZ"
markets,ohoka-farmers-market,Ohoka Farmers Market,New Zealand,Canterbury,Ohoka,"Ohoka Domain, Whites Road, Ohoka",,,/markets/ohoka-farmers-market/,"Ohoka Domain, Whites Road, Ohoka, Ohoka, Canterbury, New Zealand"
markets,jan-powers-farmers-market-manly,Jan Powers Farmers Market (Manly),AU,Queensland,Brisbane,"Manly Harbour, Royal Esplanade",,,/markets/jan-powers-farmers-market-manly/,"Manly Harbour, Royal Esplanade, Brisbane, Queensland, AU"
markets,wanaka-farmers-market,Wānaka Farmers Market,NZ,Otago,Wānaka,Ardmore Street (near Bullock Creek),,,/markets/wanaka-farmers-market/,"Ardmore Street (near Bullock Creek), Wānaka, Otago, NZ"
markets,hawke-s-bay-farmers-market-hastings,Hawke’s Bay Farmers Market (Hastings),NZ,Hawke's Bay,Hastings,"Showground Hawke’s Bay, Kenilworth Rd",,-39.6559,/markets/hawke-s-bay-farmers-market-hastings/,"Showground Hawke’s Bay, Kenilworth Rd, Hastings, Hawke's Bay, NZ"
markets,whanganui-river-markets,Whanganui River Markets,NZ,Manawatū-Whanganui,Whanganui,"Whanganui Riverbank, Taupo Quay",,-39.9464,/markets/whanganui-river-markets/,"Whanganui Riverbank, Taupo Quay, Whanganui, Manawatū-Whanganui, NZ"
markets,taranaki-farmers-market,Taranaki Farmers Market,NZ,Taranaki,New Plymouth,Currie Street (Huatoki Plaza),,-39.0583,/markets/taranaki-farmers-market/,"Currie Street (Huatoki Plaza), New Plymouth, Taranaki, NZ"
markets,motueka-sunday-market,Motueka Sunday Market,NZ,Tasman,Motueka,Decks Reserve,,,/markets/motueka-sunday-market/,"Decks Reserve, Motueka, Tasman, NZ"
markets,whangarei-growers-market,Whangarei Growers Market,NZ,Northland,Whangārei,Water Street (Sunnyside carpark),,-35.7261,/markets/whangarei-growers-market/,"Water Street (Sunnyside carpark), Whangārei, Northland, NZ"
markets,clevedon-village-farmers-market,Clevedon Village Farmers Market,NZ,Auckland,Manukau,107 Monument Road (Clevedon Showgrounds),,-36.9889,/markets/clevedon-village-farmers-market/,"107 Monument Road (Clevedon Showgrounds), Manukau, Auckland, NZ"
markets,otago-farmers-market-dunedin,Otago Farmers Market (Dunedin),NZ,Otago,Dunedin,Anzac Avenue (Dunedin Railway Station),,-45.8742,/markets/otago-farmers-market-dunedin/,"Anzac Avenue (Dunedin Railway Station), Dunedin, Otago, NZ"
markets,riccarton-sunday-market,Riccarton Sunday Market,New Zealand,Canterbury,Christchurch,"165 Racecourse Road, Riccarton Park, Christchurch",,,/markets/riccarton-sunday-market/,"165 Racecourse Road, Riccarton Park, Christchurch, Christchurch, Canterbury, New Zealand"
markets,mullumbimby-farmers-market,Mullumbimby Farmers Market,AU,New South Wales,Mullumbimby,"Mullumbimby Showgrounds, 62 Main Arm Rd",,,/markets/mullumbimby-farmers-market/,"Mullumbimby Showgrounds, 62 Main Arm Rd, Mullumbimby, New South Wales, AU"
markets,south-christchurch-farmers-market,South Christchurch Farmers' Market,New Zealand,Canterbury,Christchurch,"Next to South Christchurch Library, 70 Colombo Street, Cashmere, Christchurch",,,/markets/south-christchurch-farmers-market/,"Next to South Christchurch Library, 70 Colombo Street, Cashmere, Christchurch, Christchurch, Canterbury, New Zealand"
markets,vegan-night-makete,Vegan Night Mākete,New Zealand,Canterbury,Christchurch,"Phillipstown Community Hub, 39 Nursery Road, Christchurch",,,/markets/vegan-night-makete/,"Phillipstown Community Hub, 39 Nursery Road, Christchurch, Christchurch, Canterbury, New Zealand"
markets,jan-powers-farmers-market,Jan Powers Farmers Market,Australia,,,,,,/markets/jan-powers-farmers-market/,"Jan Powers Farmers Market, Australia"
markets,golden-bay-farmers-market,Golden Bay Farmers Market,NZ,Tasman,Takaka,The Square / Village Green,,,/markets/golden-bay-farmers-market/,"The Square / Village Green, Takaka, Tasman, NZ"
markets,lyttelton-farmers-market,Lyttelton Farmers Market,NZ,Canterbury,Christchurch,London Street (near Lyttelton Main School),,-43.6025,/markets/lyttelton-farmers-market/,"London Street (near Lyttelton Main School), Christchurch, Canterbury, NZ"
markets,catalina-bay-farmers-market,Catalina Bay Farmers Market,New Zealand,Auckland,Auckland,"Boundary Road, Catalina Bay, Hobsonville Point, Auckland 0618",,,/markets/catalina-bay-farmers-market/,"Boundary Road, Catalina Bay, Hobsonville Point, Auckland 0618, Auckland, Auckland, New Zealand"
markets,nelson-farmers-market,Nelson Farmers Market,NZ,Nelson,Nelson,Morrison Square (243 Trafalgar St),,-41.2708,/markets/nelson-farmers-market/,"Morrison Square (243 Trafalgar St), Nelson, Nelson, NZ"
markets,northey-street-organic-farmers-market,Northey Street Organic Farmers Market,AU,Queensland,Brisbane,"Northey Street City Farm, 16 Victoria Street",,,/markets/northey-street-organic-farmers-market/,"Northey Street City Farm, 16 Victoria Street, Brisbane, Queensland, AU"
stores,nourish-lane-nerang,Nourish Lane (Nerang),AU,Queensland,Gold Coast,"Shop 16, Nerang Mall, 7-27 Cayuga Street",,,/stores/nourish-lane-nerang/,"Shop 16, Nerang Mall, 7-27 Cayuga Street, Gold Coast, Queensland, AU"
stores,the-wholefood-pantry-palm-beach,The Wholefood Pantry (Palm Beach),AU,Queensland,Gold Coast,"19th Ave Shopping Centre, 155 19th Ave",,,/stores/the-wholefood-pantry-palm-beach/,"19th Ave Shopping Centre, 155 19th Ave, Gold Coast, Queensland, AU"
stores,commonsense-organics,Commonsense Organics,New Zealand,,,,,,/stores/commonsense-organics/,"Commonsense Organics, New Zealand"
stores,harris-farm-west-end,Harris Farm Markets (West End),AU,Queensland,Brisbane,"West Village, 111 Boundary St",,,/stores/harris-farm-west-end/,"West Village, 111 Boundary St, Brisbane, Queensland, AU"
stores,bellarine-wholefoods,Bellarine Wholefoods,AU,Victoria,Bellarine Peninsula,2/80 Murradoc Road,,,/stores/bellarine-wholefoods/,"2/80 Murradoc Road, Bellarine Peninsula, Victoria, AU"
stores,benge-and-co-organics-nelson,Benge & Co Organics,NZ,Tasman,Nelson,106 Bridge Street,,,/stores/benge-and-co-organics-nelson/,"106 Bridge Street, Nelson, Tasman, NZ"
stores,riverton-organic-shop,Riverton Organic Shop,NZ,Southland,Riverton,,,,/stores/riverton-organic-shop/,"Riverton Organic Shop, Riverton, Southland, NZ"
stores,homegrown-wholefoods-paraparaumu,Homegrown Wholefoods,NZ,Wellington,Paraparaumu,,,,/stores/homegrown-wholefoods-paraparaumu/,"Homegrown Wholefoods, Paraparaumu, Wellington, NZ"
stores,organic-corner-deli-whangarei,Organic Corner Deli,NZ,Northland,Whangārei,,,,/stores/organic-corner-deli-whangarei/,"Organic Corner Deli, Whangārei, Northland, NZ"
stores,bin-inn-richmond,Bin Inn Richmond,New Zealand,Tasman,Richmond,"271 Queen Street, Richmond 7020",,,/stores/bin-inn-richmond/,"271 Queen Street, Richmond 7020, Richmond, Tasman, New Zealand"
stores,honest-wholefoods-invercargill,Honest Wholefoods,NZ,Southland,Invercargill,,,,/stores/honest-wholefoods-invercargill/,"Honest Wholefoods, Invercargill, Southland, NZ"
stores,store-slug,Store or co-op name,Country name,Region or state,City or town,,,,/stores/store-slug/,"Store or co-op name, City or town, Region or state, Country name"
stores,mrs-woollys-general-store-glenorchy,Mrs. Woolly's General Store,NZ,Otago,Glenorchy,24 Oban Street,,,/stores/mrs-woollys-general-store-glenorchy/,"24 Oban Street, Glenorchy, Otago, NZ"
stores,the-source-bulk-foods-southport,The Source Bulk Foods (Southport),AU,Queensland,Gold Coast,"Shop T7 Ferry Road Market (Brickworks Centre), 107 Ferry Road",,,/stores/the-source-bulk-foods-southport/,"Shop T7 Ferry Road Market (Brickworks Centre), 107 Ferry Road, Gold Coast, Queensland, AU"
stores,westmere-butchery,Westmere Butchery,New Zealand,Auckland,Westmere,"131 Westend Road, Westmere, Auckland",,,/stores/westmere-butchery/,"131 Westend Road, Westmere, Auckland, Westmere, Auckland, New Zealand"
stores,nourish-lane-mudgeeraba,Nourish Lane (Mudgeeraba),AU,Queensland,Gold Coast,"Shop 5, Mudgeeraba Market Shopping Centre, 3 Swan Lane",,,/stores/nourish-lane-mudgeeraba/,"Shop 5, Mudgeeraba Market Shopping Centre, 3 Swan Lane, Gold Coast, Queensland, AU"
stores,she-universe-malthouse-chocolaterie,She Universe Malthouse Chocolaterie,New Zealand,Canterbury,Christchurch,"The Malthouse Cottage, 69 Colombo Street, Beckenham, Christchurch",,,/stores/she-universe-malthouse-chocolaterie/,"The Malthouse Cottage, 69 Colombo Street, Beckenham, Christchurch, Christchurch, Canterbury, New Zealand"
stores,bohemian-bakery-sumner,Bohemian Bakery (Sumner),New Zealand,Canterbury,Christchurch,"43 Nayland Street, Sumner Mall, Christchurch 8081",,,/stores/bohemian-bakery-sumner/,"43 Nayland Street, Sumner Mall, Christchurch 8081, Christchurch, Canterbury, New Zealand"
stores,earth-food-store-waikanae,Earth Food Store,NZ,Wellington,Waikanae,,,,/stores/earth-food-store-waikanae/,"Earth Food Store, Waikanae, Wellington, NZ"
stores,little-farms,Little Farms,New Zealand,Wellington,Masterton,Pirinoa / Wairarapa delivery network,,,/stores/little-farms/,"Pirinoa / Wairarapa delivery network, Masterton, Wellington, New Zealand"
stores,farro-fresh-smales-farm,Farro Fresh Smales Farm,NZ,Auckland,Auckland,"Cnr Taharoto & Shakespeare Roads, Smales Farm",,-36.7879,/stores/farro-fresh-smales-farm/,"Cnr Taharoto & Shakespeare Roads, Smales Farm, Auckland, Auckland, NZ"
stores,commonsense-kapiti,Commonsense Kapiti,NZ,Wellington,Kapiti Coast,"Coastlands Mall, State Highway 1",,-40.9158,/stores/commonsense-kapiti/,"Coastlands Mall, State Highway 1, Kapiti Coast, Wellington, NZ"
stores,farro-fresh-orakei,Farro Fresh Orakei,NZ,Auckland,Auckland,"228 Orakei Road, Orakei Bay Village",,-36.8541,/stores/farro-fresh-orakei/,"228 Orakei Road, Orakei Bay Village, Auckland, Auckland, NZ"
stores,bin-inn-blenheim,Bin Inn Blenheim,New Zealand,Marlborough,Blenheim,"32 Maxwell Road, Blenheim Central 7201",,,/stores/bin-inn-blenheim/,"32 Maxwell Road, Blenheim Central 7201, Blenheim, Marlborough, New Zealand"
stores,eithne-health-organics,Eithne Health & Organics,New Zealand,West Coast,Hokitika,"21 Revell Street, Hokitika, West Coast",,,/stores/eithne-health-organics/,"21 Revell Street, Hokitika, West Coast, Hokitika, West Coast, New Zealand"
stores,ecohive-collective-paihia,The Ecohive Collective (Paihia),New Zealand,Northland,Paihia,,,,/stores/ecohive-collective-paihia/,"The Ecohive Collective (Paihia), Paihia, Northland, New Zealand"
stores,city-honest-grocer,City Honest Grocer,New Zealand,Auckland,Grey Lynn,,-36.86,174.739,/stores/city-honest-grocer/,"City Honest Grocer, Grey Lynn, Auckland, New Zealand"
stores,bohemian-bakery-merivale,Bohemian Bakery (Merivale),New Zealand,Canterbury,Christchurch,"2/121 Papanui Road, Merivale Boutique, Christchurch 8014",,,/stores/bohemian-bakery-merivale/,"2/121 Papanui Road, Merivale Boutique, Christchurch 8014, Christchurch, Canterbury, New Zealand"
stores,pembroke-wines-and-spirits-wanaka,Pembroke Wines & Spirits,NZ,Otago,Wānaka,24 Dungarvon Street,,,/stores/pembroke-wines-and-spirits-wanaka/,"24 Dungarvon Street, Wānaka, Otago, NZ"
stores,bliss-box,Bliss Box,New Zealand,Auckland,Auckland,"13B Ride Way, Rosedale, Auckland 0632, New Zealand",,,/stores/bliss-box/,"13B Ride Way, Rosedale, Auckland 0632, New Zealand, Auckland, Auckland, New Zealand"
stores,farro-fresh-commercial-bay,Farro Fresh Commercial Bay,NZ,Auckland,Auckland,7 Queen Street (Commercial Bay),,,/stores/farro-fresh-commercial-bay/,"7 Queen Street (Commercial Bay), Auckland, Auckland, NZ"
stores,santos-organics,Santos Organics,Australia,,,,,,/stores/santos-organics/,"Santos Organics, Australia"
stores,picton-organic-store,Picton Organic Store,NZ,Marlborough,Picton,,,,/stores/picton-organic-store/,"Picton Organic Store, Picton, Marlborough, NZ"
stores,mapari-meats,Mapari Meats,New Zealand,Auckland,Mount Wellington,"Shop 13, 101 Lunn Avenue, Mount Wellington, Auckland 1072",,,/stores/mapari-meats/,"Shop 13, 101 Lunn Avenue, Mount Wellington, Auckland 1072, Mount Wellington, Auckland, New Zealand"
stores,she-universe-cacao-pod,She Universe Cacao Pod,New Zealand,Canterbury,Christchurch,,,,/stores/she-universe-cacao-pod/,"She Universe Cacao Pod, Christchurch, Canterbury, New Zealand"
stores,earthbound-organics-richmond,Earthbound Organics (Richmond),NZ,Tasman,Richmond,,,,/stores/earthbound-organics-richmond/,"Earthbound Organics (Richmond), Richmond, Tasman, NZ"
stores,lily-and-lotus,Lily and Lotus,New Zealand,Auckland,Ostend,"24 Belgium Street, Ostend, Waiheke Island",,,/stores/lily-and-lotus/,"24 Belgium Street, Ostend, Waiheke Island, Ostend, Auckland, New Zealand"
stores,interfood-grocery,InterFood Grocery,New Zealand,West Coast,Westport,"278 Palmerston Street, Westport 7825",,,/stores/interfood-grocery/,"278 Palmerston Street, Westport 7825, Westport, West Coast, New Zealand"
stores,bin-inn-papamoa,Bin Inn Papamoa,NZ,Bay of Plenty,Tauranga,"60 Gravatt Road, Fashion Island",,,/stores/bin-inn-papamoa/,"60 Gravatt Road, Fashion Island, Tauranga, Bay of Plenty, NZ"
stores,bohemian-bakery,Bohemian Bakery,New Zealand,,,,,,/stores/bohemian-bakery/,"Bohemian Bakery, New Zealand"
stores,live2give-organics,Live2Give Organics,New Zealand,Manawatū-Whanganui,Palmerston North,"15 Cyprus Place, Fitzherbert, Palmerston North, New Zealand",,,/stores/live2give-organics/,"15 Cyprus Place, Fitzherbert, Palmerston North, New Zealand, Palmerston North, Manawatū-Whanganui, New Zealand"
stores,harris-farm-markets,Harris Farm Markets,Australia,,,,,,/stores/harris-farm-markets/,"Harris Farm Markets, Australia"
stores,feinermans-general-store,Feinerman’s General Store,New Zealand,Otago,Roxburgh,"109 Scotland Street, Roxburgh",,,/stores/feinermans-general-store/,"109 Scotland Street, Roxburgh, Roxburgh, Otago, New Zealand"
stores,soul-food-organic,Soul Food Organic,New Zealand,Otago,Queenstown,"The Market, 19 Grant Road, Frankton, Queenstown",,,/stores/soul-food-organic/,"The Market, 19 Grant Road, Frankton, Queenstown, Queenstown, Otago, New Zealand"
stores,golden-bay-organics,Golden Bay Organics,New Zealand,Tasman,Takaka,"47 Commercial Street, Takaka, Tasman",,,/stores/golden-bay-organics/,"47 Commercial Street, Takaka, Tasman, Takaka, Tasman, New Zealand"
stores,the-foodland-organic-store,The Foodland Organic Store,New Zealand,Canterbury,Christchurch,"501 Moorhouse Avenue, Waltham, Christchurch 8011, New Zealand",,,/stores/the-foodland-organic-store/,"501 Moorhouse Avenue, Waltham, Christchurch 8011, New Zealand, Christchurch, Canterbury, New Zealand"
stores,mapua-organics,Mapua Organics,NZ,Tasman,Mapua,,,,/stores/mapua-organics/,"Mapua Organics, Mapua, Tasman, NZ"
stores,the-source-bulk-foods-byron-bay,The Source Bulk Foods (Byron Bay),AU,New South Wales,Byron Bay,"Shop 1, 107 Jonson St",,,/stores/the-source-bulk-foods-byron-bay/,"Shop 1, 107 Jonson St, Byron Bay, New South Wales, AU"
stores,westland-whole-foods,Westland Whole Foods,New Zealand,West Coast,Greymouth,"35 Guinness Street, Greymouth 7805",,,/stores/westland-whole-foods/,"35 Guinness Street, Greymouth 7805, Greymouth, West Coast, New Zealand"
stores,wee-shop-organics,The Wee Shop Organics,New Zealand,Tasman,Ruby Bay,"155 Stafford Drive, Ruby Bay, Mapua 7005",,,/stores/wee-shop-organics/,"155 Stafford Drive, Ruby Bay, Mapua 7005, Ruby Bay, Tasman, New Zealand"
stores,wholefood-co-op-hokitika,Wholefood Co-op Hokitika,NZ,West Coast,Hokitika,,,,/stores/wholefood-co-op-hokitika/,"Wholefood Co-op Hokitika, Hokitika, West Coast, NZ"
stores,greenspace-organic-shop,Greenspace Organic Shop,New Zealand,Auckland,Ostend,"20 Tahi Road, Ostend, Waiheke Island",,,/stores/greenspace-organic-shop/,"20 Tahi Road, Ostend, Waiheke Island, Ostend, Auckland, New Zealand"
stores,organic-buzz,Organic Buzz,New Zealand,Manawatū-Whanganui,Palmerston North,"Shop 1, 337 Broadway Avenue, Palmerston North",,,/stores/organic-buzz/,"Shop 1, 337 Broadway Avenue, Palmerston North, Palmerston North, Manawatū-Whanganui, New Zealand"
stores,ooooby-online-organic-boxes,Ooooby (Online Organic Boxes),NZ,Canterbury,Christchurch,N/A (HQ: 5 Waterman Place),,,/stores/ooooby-online-organic-boxes/,"N/A (HQ: 5 Waterman Place), Christchurch, Canterbury, NZ"
stores,soulfood-organic-wanaka,Soulfood Organic,NZ,Otago,Wānaka,,,,/stores/soulfood-organic-wanaka/,"Soulfood Organic, Wānaka, Otago, NZ"
stores,anitas-organic-store-blenheim,Anita’s Organic Store,New Zealand,Marlborough,Blenheim,"46B Wynen Street, Blenheim, Marlborough",,,/stores/anitas-organic-store-blenheim/,"46B Wynen Street, Blenheim, Marlborough, Blenheim, Marlborough, New Zealand"
stores,she-universe-riverside-chocolaterie,She Universe Riverside Chocolaterie,New Zealand,Canterbury,Christchurch,"Riverside Market Lane, 84 Cashel Street, Christchurch Central",,,/stores/she-universe-riverside-chocolaterie/,"Riverside Market Lane, 84 Cashel Street, Christchurch Central, Christchurch, Canterbury, New Zealand"
stores,freshchoice-nelson-city,FreshChoice Nelson City,New Zealand,Tasman,Nelson,"69 Collingwood Street, Nelson City, Tasman 7010, New Zealand",,,/stores/freshchoice-nelson-city/,"69 Collingwood Street, Nelson City, Tasman 7010, New Zealand, Nelson, Tasman, New Zealand"
stores,bin-inn-glenfield,Bin Inn Glenfield,NZ,Auckland,Auckland,"Glenfield Mall, Downing St (Shop 209, L2)",,,/stores/bin-inn-glenfield/,"Glenfield Mall, Downing St (Shop 209, L2), Auckland, Auckland, NZ"
restaurants,origine-bistro-auckland,Origine Bistro,New Zealand,Auckland,Auckland,,,,/restaurants/origine-bistro-auckland/,"Origine Bistro, Auckland, Auckland, New Zealand"
restaurants,dripping-bowl-wanaka,Dripping Bowl,New Zealand,Otago,Wānaka,,,,/restaurants/dripping-bowl-wanaka/,"Dripping Bowl, Wānaka, Otago, New Zealand"
restaurants,federal-diner-wanaka,Federal Diner,New Zealand,Otago,Wānaka,,,,/restaurants/federal-diner-wanaka/,"Federal Diner, Wānaka, Otago, New Zealand"
restaurants,aro-cafe-wellington,Aro Cafe,New Zealand,Wellington,Wellington,,,,/restaurants/aro-cafe-wellington/,"Aro Cafe, Wellington, Wellington, New Zealand"
restaurants,good-earth-cafe-dunedin,The Good Earth Cafe,New Zealand,Otago,Dunedin,,,,/restaurants/good-earth-cafe-dunedin/,"The Good Earth Cafe, Dunedin, Otago, New Zealand"
restaurants,the-origin-christchurch,The Origin,New Zealand,Canterbury,Christchurch,,,,/restaurants/the-origin-christchurch/,"The Origin, Christchurch, Canterbury, New Zealand"
restaurants,restaurant-slug,Restaurant or café name,Country name,Region or state,City or town,,,,/restaurants/restaurant-slug/,"Restaurant or café name, City or town, Region or state, Country name"
restaurants,the-lotus-heart-christchurch,The Lotus-Heart,New Zealand,Canterbury,Christchurch,,,,/restaurants/the-lotus-heart-christchurch/,"The Lotus-Heart, Christchurch, Canterbury, New Zealand"
restaurants,matatoki-cheese-barn,Matatoki Cheese Barn,New Zealand,Waikato,Matatoki,,,,/restaurants/matatoki-cheese-barn/,"Matatoki Cheese Barn, Matatoki, Waikato, New Zealand"
restaurants,arcadia-restaurant-waiheke,Arcadia Restaurant,New Zealand,Auckland,Palm Beach,"39 Palm Road, Palm Beach, Waiheke Island",,,/restaurants/arcadia-restaurant-waiheke/,"39 Palm Road, Palm Beach, Waiheke Island, Palm Beach, Auckland, New Zealand"
restaurants,misters-auckland,Misters,New Zealand,Auckland,Auckland,,,,/restaurants/misters-auckland/,"Misters, Auckland, Auckland, New Zealand"
restaurants,neo-cafe-wellington,Neo Cafe & Eatery,New Zealand,Wellington,Wellington,,,,/restaurants/neo-cafe-wellington/,"Neo Cafe & Eatery, Wellington, Wellington, New Zealand"
restaurants,fridas-field,Frida's Field,Australia,New South Wales,Byron Bay,76 Booyong Rd,,,/restaurants/fridas-field/,"76 Booyong Rd, Byron Bay, New South Wales, Australia"
restaurants,driving-creek-cafe,Driving Creek Café,New Zealand,Waikato,Coromandel,,,,/restaurants/driving-creek-cafe/,"Driving Creek Café, Coromandel, Waikato, New Zealand"
restaurants,barefoot-eatery-christchurch,Barefoot Eatery,New Zealand,Canterbury,Christchurch,,,,/restaurants/barefoot-eatery-christchurch/,"Barefoot Eatery, Christchurch, Canterbury, New Zealand"
restaurants,hapi-organic-cafe-napier,Hapi Organic Cafe & Maara,New Zealand,Hawke's Bay,Napier,,,,/restaurants/hapi-organic-cafe-napier/,"Hapi Organic Cafe & Maara, Napier, Hawke's Bay, New Zealand"
restaurants,kopupako-kitchen,Kopupako Kitchen,New Zealand,Wellington,Newtown,,-41.312,174.779,/restaurants/kopupako-kitchen/,"Kopupako Kitchen, Newtown, Wellington, New Zealand"
restaurants,pepper-tree-coromandel,The Pepper Tree Restaurant,New Zealand,Waikato,Coromandel,,,,/restaurants/pepper-tree-coromandel/,"The Pepper Tree Restaurant, Coromandel, Waikato, New Zealand"
restaurants,tairua-beach-club,Tairua Beach Club,New Zealand,Waikato,Tairua,,,,/restaurants/tairua-beach-club/,"Tairua Beach Club, Tairua, Waikato, New Zealand"
restaurants,eatery-by-franks-queenstown,Eatery by Frank’s,New Zealand,Otago,Queenstown,,,,/restaurants/eatery-by-franks-queenstown/,"Eatery by Frank’s, Queenstown, Otago, New Zealand"
restaurants,wild-about-wellbeing-farm,Wild About Wellbeing Farm,Australia,Victoria,Yarra Valley,38-40 Hunter Road,,,/restaurants/wild-about-wellbeing-farm/,"38-40 Hunter Road, Yarra Valley, Victoria, Australia"
restaurants,east-restaurant-auckland,East Restaurant,New Zealand,Auckland,Auckland,,,,/restaurants/east-restaurant-auckland/,"East Restaurant, Auckland, Auckland, New Zealand"
restaurants,cellar-door-christchurch,Cellar Door (Christchurch),New Zealand,Canterbury,Christchurch,"Arts Centre of Christchurch, 1 Hereford Street, Christchurch 8013",,,/restaurants/cellar-door-christchurch/,"Arts Centre of Christchurch, 1 Hereford Street, Christchurch 8013, Christchurch, Canterbury, New Zealand"
restaurants,wholefood-pantry-palm-beach,Wholefood Pantry Palm Beach,Australia,Queensland,Gold Coast,Shop 23 Nineteenth Avenue S/C,,,/restaurants/wholefood-pantry-palm-beach/,"Shop 23 Nineteenth Avenue S/C, Gold Coast, Queensland, Australia"
restaurants,quad-eatery-christchurch,Quad Eatery,New Zealand,Canterbury,Christchurch,,,,/restaurants/quad-eatery-christchurch/,"Quad Eatery, Christchurch, Canterbury, New Zealand"
restaurants,amisfield-bistro-queenstown,Amisfield Bistro,New Zealand,Otago,Queenstown,,,,/restaurants/amisfield-bistro-queenstown/,"Amisfield Bistro, Queenstown, Otago, New Zealand"
restaurants,mesa-verde,Mesa Verde,Australia,Victoria,Melbourne,"Level 6, Curtin House, 252 Swanston Street",,,/restaurants/mesa-verde/,"Level 6, Curtin House, 252 Swanston Street, Melbourne, Victoria, Australia"
restaurants,solscape-conscious-kitchen,Solscape – The Conscious Kitchen,New Zealand,Waikato,Raglan,,,,/restaurants/solscape-conscious-kitchen/,"Solscape – The Conscious Kitchen, Raglan, Waikato, New Zealand"
restaurants,amore-food-shop-cafe-timaru,Amore Food Shop & Cafe,New Zealand,Canterbury,Timaru,,,,/restaurants/amore-food-shop-cafe-timaru/,"Amore Food Shop & Cafe, Timaru, Canterbury, New Zealand"
restaurants,greenland-cafe-wellington,GreenLand Cafe,New Zealand,Wellington,Wellington,,,,/restaurants/greenland-cafe-wellington/,"GreenLand Cafe, Wellington, Wellington, New Zealand"
restaurants,11th-avenue-by-franks-queenstown,11th Avenue by Frank’s,New Zealand,Otago,Queenstown,,,,/restaurants/11th-avenue-by-franks-queenstown/,"11th Avenue by Frank’s, Queenstown, Otago, New Zealand"
restaurants,craggy-range-restaurant,Craggy Range Restaurant,New Zealand,Hawke's Bay,Havelock North,,,,/restaurants/craggy-range-restaurant/,"Craggy Range Restaurant, Havelock North, Hawke's Bay, New Zealand"
restaurants,kingi-auckland,kingi,New Zealand,Auckland,Auckland,,,,/restaurants/kingi-auckland/,"kingi, Auckland, Auckland, New Zealand"
restaurants,odelay-cafe-queenstown,Odelay Cafe,New Zealand,Otago,Queenstown,,,,/restaurants/odelay-cafe-queenstown/,"Odelay Cafe, Queenstown, Otago, New Zealand"
restaurants,kakariki-kitchen-whanganui,Kakariki Kitchen,New Zealand,Manawatū-Whanganui,Whanganui,,,,/restaurants/kakariki-kitchen-whanganui/,"Kakariki Kitchen, Whanganui, Manawatū-Whanganui, New Zealand"
restaurants,govett-brewster-cafe,Govett-Brewster Cafe (Monica's Eatery),New Zealand,Taranaki,New Plymouth,,,,/restaurants/govett-brewster-cafe/,"Govett-Brewster Cafe (Monica's Eatery), New Plymouth, Taranaki, New Zealand"
restaurants,gatherings-christchurch,Gatherings,New Zealand,Canterbury,Christchurch,Unit 5 / 2 Papanui Road,,,/restaurants/gatherings-christchurch/,"Unit 5 / 2 Papanui Road, Christchurch, Canterbury, New Zealand"
restaurants,camina-thames,Camina,New Zealand,Waikato,Thames,,,,/restaurants/camina-thames/,"Camina, Thames, Waikato, New Zealand"
restaurants,pomeroys-old-brewery-inn,Pomeroy's Old Brewery Inn,New Zealand,Canterbury,Christchurch,"292 Kilmore Street, Christchurch 8011, New Zealand",,,/restaurants/pomeroys-old-brewery-inn/,"292 Kilmore Street, Christchurch 8011, New Zealand, Christchurch, Canterbury, New Zealand"
restaurants,wholemeal-cafe-takaka,Wholemeal Cafe,New Zealand,Tasman,Takaka,,,,/restaurants/wholemeal-cafe-takaka/,"Wholemeal Cafe, Takaka, Tasman, New Zealand"
restaurants,ode-conscious-dining,Ode Conscious Dining,New Zealand,Otago,Wānaka,"First Floor, 33 Ardmore Street, Wānaka",,,/restaurants/ode-conscious-dining/,"First Floor, 33 Ardmore Street, Wānaka, Wānaka, Otago, New Zealand"
restaurants,merri-cafe,Merri Cafe,Australia,Victoria,Melbourne,Corner of Roberts & Stewart Streets,,,/restaurants/merri-cafe/,"Corner of Roberts & Stewart Streets, Melbourne, Victoria, Australia"
restaurants,sippy-tom,Sippy Tom,Australia,Queensland,Brisbane,"Winchcombe Carson Woolstores, 54 Vernon Terrace",,,/restaurants/sippy-tom/,"Winchcombe Carson Woolstores, 54 Vernon Terrace, Brisbane, Queensland, Australia"
restaurants,little-bird-kitchen-auckland,Little Bird Kitchen,New Zealand,Auckland,Ponsonby,"1A Summer Street, Rear Tenancy, Ponsonby, Auckland",,,/restaurants/little-bird-kitchen-auckland/,"1A Summer Street, Rear Tenancy, Ponsonby, Auckland, Ponsonby, Auckland, New Zealand"
restaurants,old-quarter-wellington,The Old Quarter,New Zealand,Wellington,Wellington,,,,/restaurants/old-quarter-wellington/,"The Old Quarter, Wellington, Wellington, New Zealand"
restaurants,sawmill-smoko-room-matakana,Sawmill Brewery & Smoko Room,New Zealand,Auckland,Matakana,,,,/restaurants/sawmill-smoko-room-matakana/,"Sawmill Brewery & Smoko Room, Matakana, Auckland, New Zealand"
restaurants,akito-eatery,Akito Eatery,New Zealand,Auckland,Oneroa,"153 Ocean View Road, Oneroa, Waiheke Island 1081",,,/restaurants/akito-eatery/,"153 Ocean View Road, Oneroa, Waiheke Island 1081, Oneroa, Auckland, New Zealand"
restaurants,river-valley-kitchen-taihape,River Valley Kitchen,New Zealand,Manawatū-Whanganui,Taihape,,,,/restaurants/river-valley-kitchen-taihape/,"River Valley Kitchen, Taihape, Manawatū-Whanganui, New Zealand"
restaurants,the-sanctuary-bay-of-islands,The Sanctuary (Bay of Islands),New Zealand,Northland,Paihia,,,,/restaurants/the-sanctuary-bay-of-islands/,"The Sanctuary (Bay of Islands), Paihia, Northland, New Zealand"
restaurants,paroa-bay-winery-sage,Paroa Bay Winery & Sage Restaurant,New Zealand,Northland,Russell,,,,/restaurants/paroa-bay-winery-sage/,"Paroa Bay Winery & Sage Restaurant, Russell, Northland, New Zealand"
restaurants,toad-hall-motueka,Toad Hall Café & Store,New Zealand,Tasman,Motueka,,,,/restaurants/toad-hall-motueka/,"Toad Hall Café & Store, Motueka, Tasman, New Zealand"
restaurants,harvest-restaurant-blenheim,Harvest Restaurant,New Zealand,Marlborough,Blenheim,,,,/restaurants/harvest-restaurant-blenheim/,"Harvest Restaurant, Blenheim, Marlborough, New Zealand"
restaurants,little-poms,Little Poms,New Zealand,Canterbury,Christchurch,"294 Kilmore Street, Christchurch 8011, New Zealand",,,/restaurants/little-poms/,"294 Kilmore Street, Christchurch 8011, New Zealand, Christchurch, Canterbury, New Zealand"
restaurants,black-estate-waipara,Black Estate (Waipara),New Zealand,Canterbury,Waipara,"614 Omihi Road, SH1, Waipara Valley 7483",,,/restaurants/black-estate-waipara/,"614 Omihi Road, SH1, Waipara Valley 7483, Waipara, Canterbury, New Zealand"
restaurants,farm-and-co,Farm & Co,Australia,New South Wales,Tweed Heads,529 Cudgen Rd,,,/restaurants/farm-and-co/,"529 Cudgen Rd, Tweed Heads, New South Wales, Australia"
restaurants,charlottes-kitchen-paihia,Charlotte's Kitchen,New Zealand,Northland,Paihia,,,,/restaurants/charlottes-kitchen-paihia/,"Charlotte's Kitchen, Paihia, Northland, New Zealand"
restaurants,hygge-at-clifton-bay,Hygge at Clifton Bay,New Zealand,Hawke's Bay,Te Awanga,,,,/restaurants/hygge-at-clifton-bay/,"Hygge at Clifton Bay, Te Awanga, Hawke's Bay, New Zealand"
vendors,the-wholemeal-cafe,The Wholemeal Café,NZ,Tasman,Tākaka,,,,/vendors/the-wholemeal-cafe/,"The Wholemeal Café, Tākaka, Tasman, NZ"
vendors,origin-northland,Origin Northland,NZ,Northland,Waipu,,,,/vendors/origin-northland/,"Origin Northland, Waipu, Northland, NZ"
vendors,steampunk-coffee,Steampunk Coffee,New Zealand,Taranaki,Hāwera,"Bunnings Hawera Car Park, Hāwera",,,/vendors/steampunk-coffee/,"Bunnings Hawera Car Park, Hāwera, Hāwera, Taranaki, New Zealand"
vendors,mapu-test-kitchen,MAPU Test Kitchen,NZ,Canterbury,Lyttelton,,,,/vendors/mapu-test-kitchen/,"MAPU Test Kitchen, Lyttelton, Canterbury, NZ"
vendors,urban-flair,Urban Flair,New Zealand,Auckland,Auckland,Auckland (mobile food truck),,,/vendors/urban-flair/,"Auckland (mobile food truck), Auckland, Auckland, New Zealand"
vendors,daily-bread-pt-chevalier,Daily Bread,NZ,Auckland,Auckland,,,,/vendors/daily-bread-pt-chevalier/,"Daily Bread, Auckland, Auckland, NZ"
vendors,moss-coffee-van,Moss Coffee Van,New Zealand,Auckland,Auckland,Auckland (mobile),,,/vendors/moss-coffee-van/,"Auckland (mobile), Auckland, Auckland, New Zealand"
vendors,wipeout-kitchen,Wipeout Kitchen,New Zealand,Auckland,Auckland,Auckland (mobile food truck),,,/vendors/wipeout-kitchen/,"Auckland (mobile food truck), Auckland, Auckland, New Zealand"
vendors,the-falls-retreat,The Falls Retreat,NZ,Waikato,Waihi,,,,/vendors/the-falls-retreat/,"The Falls Retreat, Waihi, Waikato, NZ"
vendors,hillside-kitchen-cellar,Hillside Kitchen & Cellar,NZ,Wellington,Wellington,,,,/vendors/hillside-kitchen-cellar/,"Hillside Kitchen & Cellar, Wellington, Wellington, NZ"
vendors,oh-acai,Oh Açaí,New Zealand,Auckland,Auckland,"Britomart Market, Auckland",,,/vendors/oh-acai/,"Britomart Market, Auckland, Auckland, Auckland, New Zealand"
vendors,farm-house-cafe,Farm House Café,NZ,Auckland,Clevedon,,,,/vendors/farm-house-cafe/,"Farm House Café, Clevedon, Auckland, NZ"
vendors,st-georges-restaurant,St Georges Restaurant,NZ,Hawke's Bay,Havelock North,,,,/vendors/st-georges-restaurant/,"St Georges Restaurant, Havelock North, Hawke's Bay, NZ"
vendors,sunshine-gelato,Sunshine Gelato,New Zealand,Auckland,Hobsonville,"Catalina Bay Farmers Market, Hobsonville Point, Auckland",,,/vendors/sunshine-gelato/,"Catalina Bay Farmers Market, Hobsonville Point, Auckland, Hobsonville, Auckland, New Zealand"
vendors,brotisserie,Brotisserie,New Zealand,Auckland,Remuera,"81 Greenlane East, Remuera, Auckland 1050",,,/vendors/brotisserie/,"81 Greenlane East, Remuera, Auckland 1050, Remuera, Auckland, New Zealand"
vendors,foraged-in-raglan,Foraged In Raglan,NZ,Waikato,Raglan,,,,/vendors/foraged-in-raglan/,"Foraged In Raglan, Raglan, Waikato, NZ"
vendors,hill-house-cafe,Hill House Café,NZ,Auckland,Auckland,,,,/vendors/hill-house-cafe/,"Hill House Café, Auckland, Auckland, NZ"
vendors,volcanoview-restaurant-bar,Volcanoview Restaurant & Bar,NZ,Taranaki,New Plymouth,,,,/vendors/volcanoview-restaurant-bar/,"Volcanoview Restaurant & Bar, New Plymouth, Taranaki, NZ"
vendors,wildflour-whangarei,Wildflour NZ (Whangārei),NZ,Northland,Whangārei,,,,/vendors/wildflour-whangarei/,"Wildflour NZ (Whangārei), Whangārei, Northland, NZ"
vendors,bhanga-coffee-cart,Bhanga Coffee Cart,New Zealand,Bay of Plenty,Te Kaha,"Maraetai Schoolhouse Bay, Te Kaha 3199",,,/vendors/bhanga-coffee-cart/,"Maraetai Schoolhouse Bay, Te Kaha 3199, Te Kaha, Bay of Plenty, New Zealand"
vendors,charlie-grace-mobile-cafe,Charlie Grace Mobile Café,New Zealand,Auckland,Whitford,"Whitford, Auckland",,,/vendors/charlie-grace-mobile-cafe/,"Whitford, Auckland, Whitford, Auckland, New Zealand"
vendors,cafe-irresistiblue,Café Irresistiblue,NZ,Waikato,Cambridge,,,,/vendors/cafe-irresistiblue/,"Café Irresistiblue, Cambridge, Waikato, NZ"
vendors,shepherd,Shepherd,NZ,Wellington,Wellington,,,,/vendors/shepherd/,"Shepherd, Wellington, Wellington, NZ"
vendors,the-waiheke-bean,The Waiheke Bean,New Zealand,Auckland,Ostend,"20 Tahi Road, Ostend, Waiheke Island 1081",,,/vendors/the-waiheke-bean/,"20 Tahi Road, Ostend, Waiheke Island 1081, Ostend, Auckland, New Zealand"
vendors,harvest-to-home,Harvest to Home,New Zealand,Auckland,Auckland,,,,/vendors/harvest-to-home/,"Harvest to Home, Auckland, Auckland, New Zealand"
vendors,grizzly-baked-goods,Grizzly Baked Goods,NZ,Canterbury,Christchurch,,,,/vendors/grizzly-baked-goods/,"Grizzly Baked Goods, Christchurch, Canterbury, NZ"
vendors,zephyr-wainui,Zephyr Wainui,NZ,Gisborne,Gisborne,,,,/vendors/zephyr-wainui/,"Zephyr Wainui, Gisborne, Gisborne, NZ"
vendors,georgies-coffee-cart,Georgies Coffee Cart,New Zealand,Waikato,Ngāruawāhia,"14 Rangawhenua Street, Ngāruawāhia 3720",,,/vendors/georgies-coffee-cart/,"14 Rangawhenua Street, Ngāruawāhia 3720, Ngāruawāhia, Waikato, New Zealand"
vendors,the-dukes-of-sandwich,The Dukes of Sandwich,New Zealand,Canterbury,Christchurch,"The Commons, corner of Kilmore & Durham Streets, Christchurch 8013",,,/vendors/the-dukes-of-sandwich/,"The Commons, corner of Kilmore & Durham Streets, Christchurch 8013, Christchurch, Canterbury, New Zealand"
vendors,yolanda-and-wolfe-coffee-caravan,Yolanda and Wolfe Coffee Caravan,New Zealand,Auckland,Hobsonville,"Unit 5, 3 Workspace Drive, Hobsonville, Auckland",,,/vendors/yolanda-and-wolfe-coffee-caravan/,"Unit 5, 3 Workspace Drive, Hobsonville, Auckland, Hobsonville, Auckland, New Zealand"
vendors,oatery-wellington,The Oatery,NZ,Wellington,Wellington,,,,/vendors/oatery-wellington/,"The Oatery, Wellington, Wellington, NZ"
vendors,honest-wholefood-co-wanaka,Honest Wholefood Co.,NZ,Otago,Wānaka,,,,/vendors/honest-wholefood-co-wanaka/,"Honest Wholefood Co., Wānaka, Otago, NZ"
vendors,orepuki-beach-cafe,Orepuki Beach Café,NZ,Southland,Orepuki,,,,/vendors/orepuki-beach-cafe/,"Orepuki Beach Café, Orepuki, Southland, NZ"
vendors,salty-swamis,Salty Swamis,New Zealand,Tasman,Marahau,"14 Harvey Road, Marahau",,,/vendors/salty-swamis/,"14 Harvey Road, Marahau, Marahau, Tasman, New Zealand"
vendors,flagship-eatery,Flagship Eatery,NZ,Gisborne,Gisborne,,,,/vendors/flagship-eatery/,"Flagship Eatery, Gisborne, Gisborne, NZ"
vendors,purple-vibes,Purple Vibes,New Zealand,Auckland,Auckland,Auckland (mobile),,,/vendors/purple-vibes/,"Auckland (mobile), Auckland, Auckland, New Zealand"
vendors,sherwood-queenstown,Sherwood Queenstown,NZ,Otago,Queenstown,"554–558 Frankton Road, Queenstown 9300, New Zealand",,,/vendors/sherwood-queenstown/,"554–558 Frankton Road, Queenstown 9300, New Zealand, Queenstown, Otago, NZ"
vendors,she-universe-chocolate,She Universe Chocolate,NZ,Canterbury,Christchurch,"Riverside Market Lane, 84 Cashel Street, Christchurch Central",,,/vendors/she-universe-chocolate/,"Riverside Market Lane, 84 Cashel Street, Christchurch Central, Christchurch, Canterbury, NZ"
vendors,power-plant-wholefood-organic-store,Power Plant Wholefood & Organic Store,NZ,Northland,Whangārei,,,,/vendors/power-plant-wholefood-organic-store/,"Power Plant Wholefood & Organic Store, Whangārei, Northland, NZ"
vendors,the-tinman,The Tinman,New Zealand,Auckland,Auckland,Auckland (mobile),,,/vendors/the-tinman/,"Auckland (mobile), Auckland, Auckland, New Zealand"
vendors,no7-balmac,No.7 Balmac,NZ,Otago,Dunedin,,,,/vendors/no7-balmac/,"No.7 Balmac, Dunedin, Otago, NZ"
vendors,sandfire-seedlings-hawkes-bay,Sandfire Seedlings,NZ,Hawke's Bay,,Hawke's Bay Farmers' Market,,,/vendors/sandfire-seedlings-hawkes-bay/,"Hawke's Bay Farmers' Market, Hawke's Bay, NZ"
vendors,coffee-la-la,Coffee La La,New Zealand,Waikato,Whitianga,"462 Kuaotunu Wharekaho Road RD 2, Whitianga 3592",,,/vendors/coffee-la-la/,"462 Kuaotunu Wharekaho Road RD 2, Whitianga 3592, Whitianga, Waikato, New Zealand"
vendors,the-bikery-cafe,The Bikery Café,NZ,Waikato,Cambridge,,,,/vendors/the-bikery-cafe/,"The Bikery Café, Cambridge, Waikato, NZ"
vendors,ahi-restaurant,Ahi Restaurant,NZ,Auckland,Auckland,,,,/vendors/ahi-restaurant/,"Ahi Restaurant, Auckland, Auckland, NZ"
vendors,tasman-bay-salt-co,Tasman Bay Salt Co.,NZ,Tasman,,,,,/vendors/tasman-bay-salt-co/,"Tasman Bay Salt Co., Tasman, NZ"
vendors,dutchys,Dutchy's,New Zealand,Manawatū-Whanganui,Levin,"Levin and Ōtaki area, Lower North Island",,,/vendors/dutchys/,"Levin and Ōtaki area, Lower North Island, Levin, Manawatū-Whanganui, New Zealand"
distributors,distributor-slug,Hub or distributor name,Country name,Region or state,City or town,,,,/distributors/distributor-slug/,"Hub or distributor name, City or town, Region or state, Country name"
distributors,new-zealand-organic-meats,New Zealand Organic Meats,New Zealand,Otago,Tapanui,"869 Hukarere Station Road RD2, Tapanui 9587",,,/distributors/new-zealand-organic-meats/,"869 Hukarere Station Road RD2, Tapanui 9587, Tapanui, Otago, New Zealand"
distributors,supply-circle-hub,Supply Circle Hub,New Zealand,Canterbury,Christchurch,,-43.532,172.636,/distributors/supply-circle-hub/,"Supply Circle Hub, Christchurch, Canterbury, New Zealand"
distributors,free-farmed-nz,Free Farmed New Zealand Pork,New Zealand,Waikato,Hamilton,"6128 Great South Road, Horotiu, Hamilton 3288",,,/distributors/free-farmed-nz/,"6128 Great South Road, Horotiu, Hamilton 3288, Hamilton, Waikato, New Zealand"
distributors,first-light-farms,First Light Farms,New Zealand,Hawke's Bay,Havelock North,"Unit 2B, 15 Joll Road, Havelock North 4130",,,/distributors/first-light-farms/,"Unit 2B, 15 Joll Road, Havelock North 4130, Havelock North, Hawke's Bay, New Zealand"
