id	slug	collection	title	full_address
farms:akarua	akarua	farms	Akarua	265 Arrowtown-Lake Hayes Road (tasting room), Bannockburn, Otago, NZ
farms:ashley-river-organics	ashley-river-organics	farms	Ashley River Organics	35 Fletchers Road, Loburn, Rangiora 7472, Loburn, Canterbury, New Zealand
farms:awaroa-organic-winery	awaroa-organic-winery	farms	Awaroa Organic Winery	324 Waiheke Road, Waiheke Island, Waiheke Island, Auckland, New Zealand
farms:bayleaf-organics-haumoana	bayleaf-organics-haumoana	farms	Bayleaf Organics	20 Palomino Road, RD 10, Haumoana, 4180, New Zealand, Haumoana, Hawke's Bay, New Zealand
farms:biofarm	biofarm	farms	BioFarm	Te Matai Road, Palmerston North, Palmerston North, Manawatū-Whanganui, New Zealand
farms:blue-mountain-station	blue-mountain-station	farms	Blue Mountain Station	815 Rae Road, Tapanui, Tapanui, Otago, NZ
farms:cameron-family-farms	cameron-family-farms	farms	Cameron Family Farms	10 Daniell Street, Featherston 5710, Featherston, Wellington, New Zealand
farms:carrick-wines	carrick-wines	farms	Carrick Wines	247 Cairnmuir Road, Bannockburn, Bannockburn, Otago, NZ
farms:hamlin-road-farm	hamlin-road-farm	farms	Hamlin Road Farm	140 Hamlin Road, Ardmore, Papakura 2582, Auckland, Ardmore, Auckland, New Zealand
farms:jersey-girl-organics	jersey-girl-organics	farms	Jersey Girl Organics	74 Hinuera Road, RD 2, Matamata, 3472, New Zealand, Matamata, Waikato, NZ
farms:kahu-glen-farm	kahu-glen-farm	farms	Kahu Glen Farm	175 Paraite Road, Paraite 4373, Paraite, Taranaki, New Zealand
farms:kaitake-farm	kaitake-farm	farms	Kaitake Farm	22 Kaitake Road, RD4, New Plymouth 4374, New Plymouth, Taranaki, New Zealand
farms:kennedy-point-vineyard	kennedy-point-vineyard	farms	Kennedy Point Vineyard	44 Donald Bruce Road, Waiheke Island, Waiheke Island, Auckland, New Zealand
farms:martinborough-manor	martinborough-manor	farms	Martinborough Manor	59 Cromarty Drive, Martinborough 5784, Martinborough, Wellington, New Zealand
farms:milmore-downs	milmore-downs	farms	Milmore Downs	Panets Road, Scargill Valley, Canterbury, Scargill Valley, Canterbury, New Zealand
farms:olliff-farm	olliff-farm	farms	Olliff Farm	438 Waitoki Road, RD1 Silverdale, Auckland 0994, Silverdale, Auckland, New Zealand
farms:six-acres-farm	six-acres-farm	farms	Six Acres Farm	141 Richmond Road, RD3, New Plymouth 4373, Brixton, Taranaki, New Zealand
farms:streamside-organics	streamside-organics	farms	Streamside Organics	1112 Leeston Road, Southbridge 7683, Southbridge, Canterbury, New Zealand
farms:the-organic-farm	the-organic-farm	farms	The Organic Farm	300 Eastbourne Street West, Hastings 4122, New Zealand, Hastings, Hawke's Bay, NZ
farms:three-oaks-organic-farm	three-oaks-organic-farm	farms	Three Oaks Organic Farm	141 Aranui Road, RD5, Kairanga, Palmerston North, Kairanga, Manawatū-Whanganui, New Zealand
farms:tidal-organics	tidal-organics	farms	Tidal Organics	47 Margaret Reeve Lane, Te Whau, Waiheke Island, Te Whau, Auckland, New Zealand
farms:vagabond-vege	vagabond-vege	farms	Vagabond Vege	Monty's Lane, Te Hupenui/Greytown, Greytown, Wellington, New Zealand
farms:wind-river-organics	wind-river-organics	farms	Wind River Organics	973 Fitzherbert Road East, RD1, Palmerston North, Palmerston North, Manawatū-Whanganui, New Zealand
farms:zany-zeus	zany-zeus	farms	Zany Zeus	129 Randwick Road, Moera, Lower Hutt, Wellington 5010, New Zealand, Lower Hutt, Wellington, NZ
markets:amberley-farmers-market	amberley-farmers-market	markets	Amberley Farmers Market	122 Carters Road (Amberley Domain), Hurunui, Canterbury, NZ
markets:bangalow-farmers-market	bangalow-farmers-market	markets	Bangalow Farmers Market	Bangalow Hotel, 1 Byron St, Bangalow, New South Wales, AU
markets:bay-of-islands-farmers-market-kerikeri	bay-of-islands-farmers-market-kerikeri	markets	Bay Of Islands Farmers Market Kerikeri	Kerikeri Domain, Hobson Ave, Kerikeri, Northland, NZ
markets:bay-of-islands-farmers-market-paihia	bay-of-islands-farmers-market-paihia	markets	Bay Of Islands Farmers Market Paihia	Village Green, 60 Marsden Rd, Paihia, Northland, NZ
markets:bendigo-community-farmers-market	bendigo-community-farmers-market	markets	Bendigo Community Farmers Market	Sidney Myer Place, Bendigo, Victoria, AU
markets:byron-bay-farmers-market	byron-bay-farmers-market	markets	Byron Bay Farmers Market	Butler St Reserve, Byron Bay, New South Wales, AU
markets:cambridge-farmers-market	cambridge-farmers-market	markets	Cambridge Farmers Market	Victoria Square, Victoria Street, Cambridge, Waikato, NZ
markets:catalina-bay-farmers-market	catalina-bay-farmers-market	markets	Catalina Bay Farmers Market	Boundary Road, Catalina Bay, Hobsonville Point, Auckland 0618, Auckland, Auckland, New Zealand
markets:clevedon-village-farmers-market	clevedon-village-farmers-market	markets	Clevedon Village Farmers Market	107 Monument Road (Clevedon Showgrounds), Manukau, Auckland, NZ
markets:coburg-farmers-market	coburg-farmers-market	markets	Coburg Farmers Market	Coburg Primary School, 92 Bell Street, Melbourne, Victoria, AU
markets:feilding-farmers-market	feilding-farmers-market	markets	Feilding Farmers Market	Manchester Square, Manawatū, Manawatū-Whanganui, NZ
markets:ferrymead-night-market	ferrymead-night-market	markets	Ferrymead Night Market	Ferrymead Heritage Park, 50 Ferrymead Park Drive, Heathcote, Christchurch, Christchurch, Canterbury, New Zealand
markets:gasworks-farmers-market	gasworks-farmers-market	markets	Gasworks Farmers Market	21 Graham Street, Melbourne, Victoria, AU
markets:gisborne-farmers-market	gisborne-farmers-market	markets	Gisborne Farmers Market	Railway Station, Grey Street, Gisborne, Gisborne, NZ
markets:golden-bay-farmers-market	golden-bay-farmers-market	markets	Golden Bay Farmers Market	The Square / Village Green, Takaka, Tasman, NZ
markets:grey-lynn-farmers-market	grey-lynn-farmers-market	markets	Grey Lynn Farmers Market	510 Richmond Road (Grey Lynn Community Centre), Auckland, Auckland, NZ
markets:hamilton-farmers-market	hamilton-farmers-market	markets	Hamilton Farmers Market	Te Rapa Racecourse, Ken Browne Dr, Hamilton, Waikato, NZ
markets:hawke-s-bay-farmers-market-hastings	hawke-s-bay-farmers-market-hastings	markets	Hawke S Bay Farmers Market Hastings	Showground Hawke’s Bay, Kenilworth Rd, Hastings, Hawke's Bay, NZ
markets:hill-street-farmers-market	hill-street-farmers-market	markets	Hill Street Farmers Market	93 Hill Street, Wellington, Wellington, NZ
markets:jan-powers-farmers-market-mitchelton	jan-powers-farmers-market-mitchelton	markets	Jan Powers Farmers Market Mitchelton	Blackwood St (Mitchelton Marketplace), Brisbane, Queensland, AU
markets:jan-powers-farmers-market-powerhouse	jan-powers-farmers-market-powerhouse	markets	Jan Powers Farmers Market Powerhouse	Brisbane Powerhouse, 119 Lamington St, Brisbane, Queensland, AU
markets:lyttelton-farmers-market	lyttelton-farmers-market	markets	Lyttelton Farmers Market	London Street (near Lyttelton Main School), Christchurch, Canterbury, NZ
markets:mansfield-farmers-market	mansfield-farmers-market	markets	Mansfield Farmers Market	High Street, Mansfield, Victoria, AU
markets:marlborough-farmers-market	marlborough-farmers-market	markets	Marlborough Farmers Market	43 Hathaway Street (A&P Showgrounds), Blenheim, Marlborough, NZ
markets:matakana-village-farmers-market	matakana-village-farmers-market	markets	Matakana Village Farmers' Market	2 Matakana Valley Road, Matakana, Auckland, Matakana, Auckland, New Zealand
markets:mornington-peninsula-farmers-market	mornington-peninsula-farmers-market	markets	Mornington Peninsula Farmers Market	Main Street, Melbourne, Victoria, AU
markets:mullumbimby-farmers-market	mullumbimby-farmers-market	markets	Mullumbimby Farmers Market	Mullumbimby Showgrounds, 62 Main Arm Rd, Mullumbimby, New South Wales, AU
markets:napier-urban-farmers-market	napier-urban-farmers-market	markets	Napier Urban Farmers Market	Clive Square, Napier, Hawke's Bay, NZ
markets:nelson-farmers-market	nelson-farmers-market	markets	Nelson Farmers Market	Morrison Square (243 Trafalgar St), Nelson, Nelson, NZ
markets:northey-street-organic-farmers-market	northey-street-organic-farmers-market	markets	Northey Street Organic Farmers Market	Northey Street City Farm, 16 Victoria Street, Brisbane, Queensland, AU
markets:northland-farmers-market-whangarei	northland-farmers-market-whangarei	markets	Northland Farmers Market	Rust Ave, Whangārei, Northland, NZ
markets:oamaru-organics	oamaru-organics	markets	Oamaru Organics	469 Alma-Maheno Road, Alma, Oamaru 9492, Oamaru, Otago, New Zealand
markets:ohoka-farmers-market	ohoka-farmers-market	markets	Ohoka Farmers Market	Ohoka Domain, Whites Road, Ohoka, Ohoka, Canterbury, New Zealand
markets:original-matakana-market	original-matakana-market	markets	Original Matakana Market	30 Matakana Valley Road, Matakana 0985, Matakana, Auckland, New Zealand
markets:otago-farmers-market-dunedin	otago-farmers-market-dunedin	markets	Otago Farmers Market Dunedin	Anzac Avenue (Dunedin Railway Station), Dunedin, Otago, NZ
markets:palmerston-north-farmers-market	palmerston-north-farmers-market	markets	Palmerston North Farmers Market	The Square, Palmerston North, Manawatū-Whanganui, NZ
markets:parnell-farmers-market	parnell-farmers-market	markets	Parnell Farmers Market	Jubilee Building, 545 Parnell Road, Auckland, Auckland, NZ
markets:queen-victoria-market	queen-victoria-market	markets	Queen Victoria Market	513 Elizabeth Street, Melbourne, Victoria, AU
markets:rangitahi-farmers-market	rangitahi-farmers-market	markets	Rangitahi Farmers Market	29 Rangitahi Road, Raglan, Waikato, NZ
markets:riccarton-sunday-market	riccarton-sunday-market	markets	Riccarton Sunday Market	165 Racecourse Road, Riccarton Park, Christchurch, Christchurch, Canterbury, New Zealand
markets:riverside-market-christchurch	riverside-market-christchurch	markets	Riverside Market Christchurch	96 Oxford Terrace, Christchurch, Canterbury, NZ
markets:rotorua-farmers-market	rotorua-farmers-market	markets	Rotorua Farmers Market	Te Manawa, 1170 Amohau Street, Rotorua, Bay of Plenty, NZ
markets:south-christchurch-farmers-market	south-christchurch-farmers-market	markets	South Christchurch Farmers' Market	Next to South Christchurch Library, 70 Colombo Street, Cashmere, Christchurch, Christchurch, Canterbury, New Zealand
markets:southern-farmers-market-invercargill	southern-farmers-market-invercargill	markets	Southern Farmers Market Invercargill	South City Mall carpark, 249 Elles Rd, Invercargill, Southland, NZ
markets:taranaki-farmers-market	taranaki-farmers-market	markets	Taranaki Farmers Market	Currie Street (Huatoki Plaza), New Plymouth, Taranaki, NZ
markets:te-awamutu-produce-market	te-awamutu-produce-market	markets	Te Awamutu Produce Market	Selwyn Park, Gorst Avenue, Waipa, Waikato, NZ
markets:veg-out-st-kilda-farmers-market	veg-out-st-kilda-farmers-market	markets	Veg Out St Kilda Farmers Market	Chaucer Street (Peanut Farm Reserve), Melbourne, Victoria, AU
markets:vegan-night-makete	vegan-night-makete	markets	Vegan Night Mākete	Phillipstown Community Hub, 39 Nursery Road, Christchurch, Christchurch, Canterbury, New Zealand
markets:wanaka-farmers-market	wanaka-farmers-market	markets	Wanaka Farmers Market	Ardmore Street (near Bullock Creek), Wānaka, Otago, NZ
markets:whangarei-growers-market	whangarei-growers-market	markets	Whangarei Growers Market	Water Street (Sunnyside carpark), Whangārei, Northland, NZ
stores:alexandra-everest-mart	alexandra-everest-mart	stores	Alexandra Everest Mart	38 Tarbert Street, Alexandra 9320, Alexandra, Otago, New Zealand
stores:anitas-organic-store-blenheim	anitas-organic-store-blenheim	stores	Anita’s Organic Store	46B Wynen Street, Blenheim, Marlborough, Blenheim, Marlborough, New Zealand
stores:beckenham-butchery	beckenham-butchery	stores	Beckenham Butchery	140 Colombo Street, Beckenham, Christchurch 8023, Christchurch, Canterbury, New Zealand
stores:beetroot-groceries	beetroot-groceries	stores	BeetRoot Groceries	211 High Street, Motueka, Tasman, Motueka, Tasman, New Zealand
stores:bellarine-wholefoods	bellarine-wholefoods	stores	Bellarine Wholefoods	2/80 Murradoc Road, Bellarine Peninsula, Victoria, AU
stores:benge-and-co-organics-nelson	benge-and-co-organics-nelson	stores	Benge And Co Organics Nelson	106 Bridge Street, Nelson, Tasman, NZ
stores:bin-inn-bethlehem	bin-inn-bethlehem	stores	Bin Inn Bethlehem	229 Brookfield Terrace, Tauranga, Bay of Plenty, NZ
stores:bin-inn-blenheim	bin-inn-blenheim	stores	Bin Inn Blenheim	32 Maxwell Road, Blenheim Central 7201, Blenheim, Marlborough, New Zealand
stores:bin-inn-browns-bay	bin-inn-browns-bay	stores	Bin Inn Browns Bay	12 Inverness Road, Auckland, Auckland, NZ
stores:bin-inn-burnside-chch	bin-inn-burnside-chch	stores	Bin Inn Burnside Chch	526 Wairakei Road, Christchurch, Canterbury, NZ
stores:bin-inn-dinsdale	bin-inn-dinsdale	stores	Bin Inn Dinsdale	47 Whatawhata Road, Hamilton, Waikato, NZ
stores:bin-inn-dunedin	bin-inn-dunedin	stores	Bin Inn Dunedin	133 King Edward Street, Dunedin, Otago, NZ
stores:bin-inn-feilding	bin-inn-feilding	stores	Bin Inn Feilding	25 Fergusson Street, Manawatū, Manawatū-Whanganui, NZ
stores:bin-inn-gisborne	bin-inn-gisborne	stores	Bin Inn Gisborne	61 Peel Street, Gisborne, Gisborne, NZ
stores:bin-inn-glenfield	bin-inn-glenfield	stores	Bin Inn Glenfield	Glenfield Mall, Downing St (Shop 209, L2), Auckland, Auckland, NZ
stores:bin-inn-hamilton-east	bin-inn-hamilton-east	stores	Bin Inn Hamilton East	568 Grey Street, Hamilton, Waikato, NZ
stores:bin-inn-hastings-taradale	bin-inn-hastings-taradale	stores	Bin Inn Hastings Taradale	370 Gloucester Street, Napier, Hawke's Bay, NZ
stores:bin-inn-howick	bin-inn-howick	stores	Bin Inn Howick	219 Moore Street, Auckland, Auckland, NZ
stores:bin-inn-kamo	bin-inn-kamo	stores	Bin Inn Kamo	386 Kamo Road, Whangārei, Northland, NZ
stores:bin-inn-kapiti-paraparaumu	bin-inn-kapiti-paraparaumu	stores	Bin Inn Kapiti Paraparaumu	3 Ihakara Street, Kapiti Coast, Wellington, NZ
stores:bin-inn-lincoln-rd-chch	bin-inn-lincoln-rd-chch	stores	Bin Inn Lincoln Rd Chch	15 Lincoln Road, Christchurch, Canterbury, NZ
stores:bin-inn-masterton	bin-inn-masterton	stores	Bin Inn Masterton	146 Dixon Street, Masterton, Wellington, NZ
stores:bin-inn-nelson	bin-inn-nelson	stores	Bin Inn Nelson	25 Vanguard Street, Nelson, Nelson, NZ
stores:bin-inn-onehunga	bin-inn-onehunga	stores	Bin Inn Onehunga	180 Onehunga Mall, Auckland, Auckland, NZ
stores:bin-inn-palmerston-north	bin-inn-palmerston-north	stores	Bin Inn Palmerston North	313 Church Street, Palmerston North, Manawatū-Whanganui, NZ
stores:bin-inn-papamoa	bin-inn-papamoa	stores	Bin Inn Papamoa	60 Gravatt Road, Fashion Island, Tauranga, Bay of Plenty, NZ
stores:bin-inn-petone	bin-inn-petone	stores	Bin Inn Petone	8 Cambridge Terrace, Lower Hutt, Wellington, NZ
stores:bin-inn-pukekohe	bin-inn-pukekohe	stores	Bin Inn Pukekohe	11 Edinburgh Street, Auckland, Auckland, NZ
stores:bin-inn-rangiora	bin-inn-rangiora	stores	Bin Inn Rangiora	9 High Street, Waimakariri, Canterbury, NZ
stores:bin-inn-richmond	bin-inn-richmond	stores	Bin Inn Richmond	271 Queen Street, Richmond 7020, Richmond, Tasman, New Zealand
stores:bin-inn-rolleston	bin-inn-rolleston	stores	Bin Inn Rolleston	92 Rolleston Drive, Selwyn, Canterbury, NZ
stores:bin-inn-rotorua	bin-inn-rotorua	stores	Bin Inn Rotorua	21 Old Taupo Road, Rotorua, Bay of Plenty, NZ
stores:bin-inn-silverdale	bin-inn-silverdale	stores	Bin Inn Silverdale	20 Silverdale Street, Auckland, Auckland, NZ
stores:bin-inn-st-andrews	bin-inn-st-andrews	stores	Bin Inn St Andrews	84 Sandwich Road, Hamilton, Waikato, NZ
stores:bin-inn-stanmore-rd-chch	bin-inn-stanmore-rd-chch	stores	Bin Inn Stanmore Rd Chch	104 Stanmore Road, Christchurch, Canterbury, NZ
stores:bin-inn-stonefields	bin-inn-stonefields	stores	Bin Inn Stonefields	30 Stonefields Ave, Auckland, Auckland, NZ
stores:bin-inn-takanini	bin-inn-takanini	stores	Bin Inn Takanini	230 Great South Road, Auckland, Auckland, NZ
stores:bin-inn-taupo	bin-inn-taupo	stores	Bin Inn Taupo	83 Tongariro Street, Taupō, Waikato, NZ
stores:bin-inn-te-awamutu	bin-inn-te-awamutu	stores	Bin Inn Te Awamutu	43 Mutu Street, Waipa, Waikato, NZ
stores:bin-inn-thames	bin-inn-thames	stores	Bin Inn Thames	426 Pollen Street, Thames-Coromandel, Coromandel, NZ
stores:bin-inn-timaru	bin-inn-timaru	stores	Bin Inn Timaru	9 Theodosia Street, Timaru, Canterbury, NZ
stores:bin-inn-warkworth	bin-inn-warkworth	stores	Bin Inn Warkworth	3 Queen Street, Auckland, Auckland, NZ
stores:bin-inn-whakatane	bin-inn-whakatane	stores	Bin Inn Whakatane	252 The Strand, Whakatane, Bay of Plenty, NZ
stores:bin-inn-whangarei	bin-inn-whangarei	stores	Bin Inn Whangarei	75 Walton Street, Whangārei, Northland, NZ
stores:bliss-box	bliss-box	stores	Bliss Box	13B Ride Way, Rosedale, Auckland 0632, New Zealand, Auckland, Auckland, New Zealand
stores:bohemian-bakery-cashel-street-hq	bohemian-bakery-cashel-street-hq	stores	Bohemian Bakery (Cashel Street HQ)	372 Cashel Street, Christchurch 8011, Christchurch, Canterbury, New Zealand
stores:bohemian-bakery-cbd	bohemian-bakery-cbd	stores	Bohemian Bakery Café (CBD)	255 Saint Asaph Street, Christchurch 8011, Christchurch, Canterbury, New Zealand
stores:bohemian-bakery-merivale	bohemian-bakery-merivale	stores	Bohemian Bakery (Merivale)	2/121 Papanui Road, Merivale Boutique, Christchurch 8014, Christchurch, Canterbury, New Zealand
stores:bohemian-bakery-st-martins	bohemian-bakery-st-martins	stores	Bohemian Bakery (St Martins)	6 Beckford Road, St Martins, Christchurch, Christchurch, Canterbury, New Zealand
stores:bohemian-bakery-sumner	bohemian-bakery-sumner	stores	Bohemian Bakery (Sumner)	43 Nayland Street, Sumner Mall, Christchurch 8081, Christchurch, Canterbury, New Zealand
stores:brown-owl-organics-rotorua	brown-owl-organics-rotorua	stores	Brown Owl Organics Rotorua	197 Ranolf Street, Rotorua, Bay of Plenty, NZ
stores:bulk-eats-warehouse	bulk-eats-warehouse	stores	Bulk Eats Warehouse	101 Proximity Drive, Melbourne, Victoria, AU
stores:byron-bay-pork-and-meats	byron-bay-pork-and-meats	stores	Byron Bay Pork And Meats	70 Dalley St, Mullumbimby, New South Wales, AU
stores:chantal-shop-napier	chantal-shop-napier	stores	Chantal Shop Napier	45 Hastings Street, Napier, Hawke's Bay, NZ
stores:clarks-organic-meat	clarks-organic-meat	stores	Clarks Organic Meat	356 West Coast Road, Glen Eden, Auckland 0602, Glen Eden, Auckland, New Zealand
stores:commons-unity-remakery-lower-hutt	commons-unity-remakery-lower-hutt	stores	Commons Unity Remakery Lower Hutt	310 Waiwhetu Road, Lower Hutt, Wellington, NZ
stores:commonsense-kapiti	commonsense-kapiti	stores	Commonsense Kapiti	Coastlands Mall, State Highway 1, Kapiti Coast, Wellington, NZ
stores:commonsense-kilbirnie	commonsense-kilbirnie	stores	Commonsense Kilbirnie	37 Rongotai Road, Wellington, Wellington, NZ
stores:commonsense-lower-hutt	commonsense-lower-hutt	stores	Commonsense Lower Hutt	37 Waterloo Road, Wellington, Wellington, NZ
stores:commonsense-mt-eden	commonsense-mt-eden	stores	Commonsense Mt Eden	284 Dominion Road, Mt Eden, Auckland, Auckland, Auckland, NZ
stores:commonsense-wellington-city	commonsense-wellington-city	stores	Commonsense Wellington City	147 Tory Street, Wellington, Wellington, NZ
stores:complete-wellness	complete-wellness	stores	ComplEat Wellness	24 Windsor Street, Invercargill 9810, Invercargill, Southland, New Zealand
stores:cornucopia-organics-hastings	cornucopia-organics-hastings	stores	Cornucopia Organics Hastings	221E Heretaunga Street East, Hastings, Hawke's Bay, NZ
stores:eithne-health-organics	eithne-health-organics	stores	Eithne Health & Organics	21 Revell Street, Hokitika, West Coast, Hokitika, West Coast, New Zealand
stores:farro-fresh-commercial-bay	farro-fresh-commercial-bay	stores	Farro Fresh Commercial Bay	7 Queen Street (Commercial Bay), Auckland, Auckland, NZ
stores:farro-fresh-epsom	farro-fresh-epsom	stores	Farro Fresh Epsom	446 Manukau Road, Auckland, Auckland, NZ
stores:farro-fresh-grey-lynn	farro-fresh-grey-lynn	stores	Farro Fresh Grey Lynn	34 Westmoreland Street West, Auckland, Auckland, NZ
stores:farro-fresh-mt-eden	farro-fresh-mt-eden	stores	Farro Fresh Mt Eden	422 Dominion Road, Auckland, Auckland, NZ
stores:farro-fresh-mt-wellington	farro-fresh-mt-wellington	stores	Farro Fresh Mt Wellington	80 Lunn Avenue, Auckland, Auckland, NZ
stores:farro-fresh-orakei	farro-fresh-orakei	stores	Farro Fresh Orakei	228 Orakei Road, Orakei Bay Village, Auckland, Auckland, NZ
stores:feinermans-general-store	feinermans-general-store	stores	Feinerman’s General Store	109 Scotland Street, Roxburgh, Roxburgh, Otago, New Zealand
stores:food-forest-organics	food-forest-organics	stores	Food Forest Organics	101 Main Street, Greytown 5712, Greytown, Wellington, New Zealand
stores:freshchoice-nelson-city	freshchoice-nelson-city	stores	FreshChoice Nelson City	69 Collingwood Street, Nelson City, Tasman 7010, New Zealand, Nelson, Tasman, New Zealand
stores:friends-of-the-earth-food-co-op	friends-of-the-earth-food-co-op	stores	Friends Of The Earth Food Co Op	312 Smith Street, Melbourne, Victoria, AU
stores:golden-bay-organics	golden-bay-organics	stores	Golden Bay Organics	47 Commercial Street, Takaka, Tasman, Takaka, Tasman, New Zealand
stores:goodfor-christchurch	goodfor-christchurch	stores	GoodFor (Christchurch)	135 Colombo Street, Beckenham, Christchurch 8023, Christchurch, Canterbury, New Zealand
stores:goodfor-grey-lynn	goodfor-grey-lynn	stores	GoodFor Grey Lynn	274A Richmond Road, Grey Lynn, Auckland, Grey Lynn, Auckland, New Zealand
stores:goodfor-kumeu	goodfor-kumeu	stores	GoodFor Kumeū	49 Main Road, Kumeū, Auckland, Kumeu, Auckland, New Zealand
stores:goodfor-takapuna	goodfor-takapuna	stores	GoodFor Takapuna	360 Lake Road, Takapuna, Auckland, Takapuna, Auckland, New Zealand
stores:green-grocer-palmerston-north	green-grocer-palmerston-north	stores	Green Grocer Palmerston North	239 Broadway Avenue, Palmerston North, Manawatū-Whanganui, NZ
stores:greenspace-organic-shop	greenspace-organic-shop	stores	Greenspace Organic Shop	20 Tahi Road, Ostend, Waiheke Island, Ostend, Auckland, New Zealand
stores:harbour-co-op-lyttelton	harbour-co-op-lyttelton	stores	Harbour Co Op Lyttelton	12 London Street, Christchurch, Canterbury, NZ
stores:harris-farm-clayfield	harris-farm-clayfield	stores	Harris Farm Clayfield	823 Sandgate Rd, Brisbane, Queensland, AU
stores:harris-farm-isle-of-capri	harris-farm-isle-of-capri	stores	Harris Farm Isle Of Capri	15-21 Via Roma, Gold Coast, Queensland, AU
stores:harris-farm-west-end	harris-farm-west-end	stores	Harris Farm West End	West Village, 111 Boundary St, Brisbane, Queensland, AU
stores:herbal-dispensary-raglan	herbal-dispensary-raglan	stores	Herbal Dispensary Raglan	6 Wallis Street, Raglan, Waikato, NZ
stores:ie-produce-takapuna	ie-produce-takapuna	stores	Ie Produce Takapuna	1 Barrys Point Road, Auckland, Auckland, NZ
stores:iga-byron-bay	iga-byron-bay	stores	Iga Byron Bay	Bayshore Drive, Byron Bay, New South Wales, AU
stores:iga-mullumbimby	iga-mullumbimby	stores	Iga Mullumbimby	62 Burringbar Street, Mullumbimby, New South Wales, AU
stores:interfood-grocery	interfood-grocery	stores	InterFood Grocery	278 Palmerston Street, Westport 7825, Westport, West Coast, New Zealand
stores:liberty-market	liberty-market	stores	Liberty Market	493 Moorhouse Avenue, Christchurch Central City, Christchurch 8011, Christchurch, Canterbury, New Zealand
stores:lily-and-lotus	lily-and-lotus	stores	Lily and Lotus	24 Belgium Street, Ostend, Waiheke Island, Ostend, Auckland, New Zealand
stores:live2give-organics	live2give-organics	stores	Live2Give Organics	15 Cyprus Place, Fitzherbert, Palmerston North, New Zealand, Palmerston North, Manawatū-Whanganui, New Zealand
stores:mapari-meats	mapari-meats	stores	Mapari Meats	Shop 13, 101 Lunn Avenue, Mount Wellington, Auckland 1072, Mount Wellington, Auckland, New Zealand
stores:mrs-woollys-general-store-glenorchy	mrs-woollys-general-store-glenorchy	stores	Mrs Woollys General Store Glenorchy	24 Oban Street, Glenorchy, Otago, NZ
stores:naturally-organic-invercargill	naturally-organic-invercargill	stores	Naturally Organic Invercargill	33 Esk Street, Invercargill, Southland, NZ
stores:new-world-durham-street	new-world-durham-street	stores	New World Durham Street	175 Durham Street South, Christchurch 8011, Christchurch, Canterbury, New Zealand
stores:new-world-st-martins	new-world-st-martins	stores	New World St Martins	92 Wilsons Road, St Martins, Christchurch 8023, Christchurch, Canterbury, New Zealand
stores:nourish-lane-mudgeeraba	nourish-lane-mudgeeraba	stores	Nourish Lane Mudgeeraba	Shop 5, Mudgeeraba Market Shopping Centre, 3 Swan Lane, Gold Coast, Queensland, AU
stores:nourish-lane-nerang	nourish-lane-nerang	stores	Nourish Lane Nerang	Shop 16, Nerang Mall, 7-27 Cayuga Street, Gold Coast, Queensland, AU
stores:ooooby-online-organic-boxes	ooooby-online-organic-boxes	stores	Ooooby Online Organic Boxes	N/A (HQ: 5 Waterman Place), Christchurch, Canterbury, NZ
stores:organic-buzz	organic-buzz	stores	Organic Buzz	Shop 1, 337 Broadway Avenue, Palmerston North, Palmerston North, Manawatū-Whanganui, New Zealand
stores:organically-grown-malvern	organically-grown-malvern	stores	Organically Grown Malvern	196 Glenferrie Road, Melbourne, Victoria, AU
stores:organics-out-west	organics-out-west	stores	Organics Out West	39 Glenmall Place, Glen Eden, Auckland, Glen Eden, Auckland, New Zealand
stores:passionfoods-organic-south-melbourne	passionfoods-organic-south-melbourne	stores	Passionfoods Organic South Melbourne	219 Ferrars Street, Melbourne, Victoria, AU
stores:pembroke-wines-and-spirits-wanaka	pembroke-wines-and-spirits-wanaka	stores	Pembroke Wines And Spirits Wanaka	24 Dungarvon Street, Wānaka, Otago, NZ
stores:piko-wholefoods-chch	piko-wholefoods-chch	stores	Piko Wholefoods Chch	229 Kilmore Street, Christchurch, Canterbury, NZ
stores:replenish-for-health-williamstown	replenish-for-health-williamstown	stores	Replenish For Health Williamstown	34 Douglas Parade, Melbourne, Victoria, AU
stores:riverton-organic-food-co-op	riverton-organic-food-co-op	stores	Riverton Organic Food Co-op	154 Palmerston Street, Riverton, Riverton, Southland, New Zealand
stores:sage-bulk-wholefoods-eltham	sage-bulk-wholefoods-eltham	stores	Sage Bulk Wholefoods Eltham	972 Main Road, Melbourne, Victoria, AU
stores:sage-bulk-wholefoods-ivanhoe	sage-bulk-wholefoods-ivanhoe	stores	Sage Bulk Wholefoods Ivanhoe	206 Upper Heidelberg Road, Melbourne, Victoria, AU
stores:santos-organics-byron-arts-industrial	santos-organics-byron-arts-industrial	stores	Santos Organics Byron Arts Industrial	3/7 Brigantine St, Byron Bay, New South Wales, AU
stores:santos-organics-byron-bay-shop	santos-organics-byron-bay-shop	stores	Santos Organics Byron Bay Shop	105 Jonson St, Byron Bay, New South Wales, AU
stores:santos-organics-mullumbimby	santos-organics-mullumbimby	stores	Santos Organics Mullumbimby	51-53 Burringbar St, Mullumbimby, New South Wales, AU
stores:she-universe-malthouse-chocolaterie	she-universe-malthouse-chocolaterie	stores	She Universe Malthouse Chocolaterie	The Malthouse Cottage, 69 Colombo Street, Beckenham, Christchurch, Christchurch, Canterbury, New Zealand
stores:she-universe-riverside-chocolaterie	she-universe-riverside-chocolaterie	stores	She Universe Riverside Chocolaterie	Riverside Market Lane, 84 Cashel Street, Christchurch Central, Christchurch, Canterbury, New Zealand
stores:soul-food-organic	soul-food-organic	stores	Soul Food Organic	The Market, 19 Grant Road, Frankton, Queenstown, Queenstown, Otago, New Zealand
stores:source-bulk-foods-queenstown	source-bulk-foods-queenstown	stores	Source Bulk Foods Queenstown	19 Grant Road, Queenstown, Otago, NZ
stores:taste-nature-dunedin	taste-nature-dunedin	stores	Taste Nature Dunedin	131 High Street, Dunedin 9016, Dunedin, Otago, NZ
stores:terra-madre-brunswick	terra-madre-brunswick	stores	Terra Madre Brunswick	775–781 Sydney Road, Melbourne, Victoria, AU
stores:terra-madre-northcote	terra-madre-northcote	stores	Terra Madre Northcote	103 High Street, Melbourne, Victoria, AU
stores:thames-organic-shop	thames-organic-shop	stores	Thames Organic Shop	736 Pollen Street, Thames, Waikato, NZ
stores:the-foodland-organic-store	the-foodland-organic-store	stores	The Foodland Organic Store	501 Moorhouse Avenue, Waltham, Christchurch 8011, New Zealand, Christchurch, Canterbury, New Zealand
stores:the-gap-local-organic-co-op	the-gap-local-organic-co-op	stores	The Gap Local Organic Co Op	15 High Street, Brisbane, Queensland, AU
stores:the-island-grocer	the-island-grocer	stores	The Island Grocer	110 Ocean View Road, Oneroa, Waiheke Island, Oneroa, Auckland, New Zealand
stores:the-source-bulk-foods-balaclava	the-source-bulk-foods-balaclava	stores	The Source Bulk Foods Balaclava	171 Carlisle Street, Melbourne, Victoria, AU
stores:the-source-bulk-foods-byron-bay	the-source-bulk-foods-byron-bay	stores	The Source Bulk Foods Byron Bay	Shop 1, 107 Jonson St, Byron Bay, New South Wales, AU
stores:the-source-bulk-foods-southport	the-source-bulk-foods-southport	stores	The Source Bulk Foods Southport	Shop T7 Ferry Road Market (Brickworks Centre), 107 Ferry Road, Gold Coast, Queensland, AU
stores:the-wholefood-pantry-palm-beach	the-wholefood-pantry-palm-beach	stores	The Wholefood Pantry Palm Beach	19th Ave Shopping Centre, 155 19th Ave, Gold Coast, Queensland, AU
stores:tmp-organics-brendale	tmp-organics-brendale	stores	Tmp Organics Brendale	18 Bult Drive, Brendale, Queensland, AU
stores:toad-hall-motueka	toad-hall-motueka	stores	Toad Hall	502 High Street, Motueka, Tasman, Motueka, Tasman, New Zealand
stores:untamed-earth-farm-shop	untamed-earth-farm-shop	stores	Untamed Earth Farm Shop	140 Colombo Street, Beckenham, Christchurch 8023, Christchurch, Canterbury, New Zealand
stores:we-love-food-co-op	we-love-food-co-op	stores	We Love Food Co Op	Wells Place, Brisbane, Queensland, AU
stores:wee-shop-organics	wee-shop-organics	stores	The Wee Shop Organics	155 Stafford Drive, Ruby Bay, Mapua 7005, Ruby Bay, Tasman, New Zealand
stores:well-hung-artisan-butchery	well-hung-artisan-butchery	stores	Well Hung Artisan Butchery	210 Kitchener Road, Milford, Auckland 0620, Milford, Auckland, New Zealand
stores:westland-whole-foods	westland-whole-foods	stores	Westland Whole Foods	35 Guinness Street, Greymouth 7805, Greymouth, West Coast, New Zealand
stores:westmere-butchery	westmere-butchery	stores	Westmere Butchery	131 Westend Road, Westmere, Auckland, Westmere, Auckland, New Zealand
stores:whanganui-organic-food-co-op	whanganui-organic-food-co-op	stores	Whanganui Organic Food Co Op	99 Guyton Street, Whanganui, Manawatū-Whanganui, NZ
stores:wholefood-heaven-wanaka	wholefood-heaven-wanaka	stores	Wholefood Heaven Wanaka	33 Reece Crescent, Wānaka, Otago, NZ
stores:zany-zeus-lower-hutt	zany-zeus-lower-hutt	stores	Zany Zeus Lower Hutt	103-109 Gracefield Rd, Lower Hutt, Wellington, NZ
restaurants:akito-eatery	akito-eatery	restaurants	Akito Eatery	153 Ocean View Road, Oneroa, Waiheke Island 1081, Oneroa, Auckland, New Zealand
restaurants:alpine-grind-methven	alpine-grind-methven	restaurants	Alpine Grind (Methven)	121 Main Street, Methven 7730, Methven, Canterbury, New Zealand
restaurants:arcadia-restaurant-waiheke	arcadia-restaurant-waiheke	restaurants	Arcadia Restaurant	39 Palm Road, Palm Beach, Waiheke Island, Palm Beach, Auckland, New Zealand
restaurants:black-estate-waipara	black-estate-waipara	restaurants	Black Estate (Waipara)	614 Omihi Road, SH1, Waipara Valley 7483, Waipara, Canterbury, New Zealand
restaurants:bostock-organic-kitchen-queenstown	bostock-organic-kitchen-queenstown	restaurants	Bostock Organic Kitchen Queenstown	5 Church Lane, Queenstown, Queenstown, Otago, New Zealand
restaurants:bskt-cafe	bskt-cafe	restaurants	BSKT Cafe	4 Lavarack Rd, Gold Coast, Queensland, Australia
restaurants:byron-fresh-cafe	byron-fresh-cafe	restaurants	Byron Fresh Cafe	7 Jonson St, Byron Bay, New South Wales, Australia
restaurants:cassette-kensington	cassette-kensington	restaurants	Cassette	399 Macaulay Road, Melbourne, Victoria, Australia
restaurants:cellar-door-christchurch	cellar-door-christchurch	restaurants	Cellar Door (Christchurch)	Arts Centre of Christchurch, 1 Hereford Street, Christchurch 8013, Christchurch, Canterbury, New Zealand
restaurants:cheek-cafe	cheek-cafe	restaurants	Cheek Cafe	412/1 Como Crescent, Gold Coast, Queensland, Australia
restaurants:clarence-kitchen-collective	clarence-kitchen-collective	restaurants	Clarence Kitchen Collective	50 Skinner St, Grafton, New South Wales, Australia
restaurants:coffee-and-kitchen-ballina	coffee-and-kitchen-ballina	restaurants	Coffee & Kitchen	75-77 River St, Ballina, New South Wales, Australia
restaurants:combi-elwood	combi-elwood	restaurants	Combi	138-140 Ormond Road, Melbourne, Victoria, Australia
restaurants:commune-cafe-burleigh	commune-cafe-burleigh	restaurants	Commune Cafe	1844 Gold Coast Hwy, Gold Coast, Queensland, Australia
restaurants:farm-and-co	farm-and-co	restaurants	Farm & Co	529 Cudgen Rd, Tweed Heads, New South Wales, Australia
restaurants:freemans-organic-farm	freemans-organic-farm	restaurants	Freeman's Organic Farm	618 Tomewin Mountain Road, Gold Coast, Queensland, Australia
restaurants:fridas-field	fridas-field	restaurants	Frida's Field	76 Booyong Rd, Byron Bay, New South Wales, Australia
restaurants:friends-of-the-earth-cafe	friends-of-the-earth-cafe	restaurants	Friends of the Earth Food Co-op & Cafe	312 Smith Street, Melbourne, Victoria, Australia
restaurants:gatherings-christchurch	gatherings-christchurch	restaurants	Gatherings	Unit 5 / 2 Papanui Road, Christchurch, Canterbury, New Zealand
restaurants:greystone-wines-waipara	greystone-wines-waipara	restaurants	Greystone Cellar Door & Restaurant	376 Omihi Road, Waipara 7483, Waipara, Canterbury, New Zealand
restaurants:ilex-cafe-botanic-gardens	ilex-cafe-botanic-gardens	restaurants	Ilex Cafe Botanic Gardens	Christchurch Botanic Gardens, Christchurch 8013, Christchurch, Canterbury, New Zealand
restaurants:jam-organic-cafe-takapuna	jam-organic-cafe-takapuna	restaurants	Jam Organic Cafe	33–45 Hurstmere Road, Takapuna, Auckland, Takapuna, Auckland, New Zealand
restaurants:little-bird-kitchen-auckland	little-bird-kitchen-auckland	restaurants	Little Bird Kitchen	1A Summer Street, Rear Tenancy, Ponsonby, Auckland, Ponsonby, Auckland, New Zealand
restaurants:little-poms	little-poms	restaurants	Little Poms	294 Kilmore Street, Christchurch 8011, New Zealand, Christchurch, Canterbury, New Zealand
restaurants:mesa-verde	mesa-verde	restaurants	Mesa Verde	Level 6, Curtin House, 252 Swanston Street, Melbourne, Victoria, Australia
restaurants:minori-pantry	minori-pantry	restaurants	Minori Pantry	82 Summerland Way, Kyogle, New South Wales, Australia
restaurants:mudbrick-vineyard-and-restaurant	mudbrick-vineyard-and-restaurant	restaurants	Mudbrick Vineyard & Restaurant	126 Church Bay Road, Oneroa, Waiheke Island, Oneroa, Auckland, New Zealand
restaurants:o-my-restaurant	o-my-restaurant	restaurants	O.MY Restaurant	70 Princes Highway, Melbourne, Victoria, Australia
restaurants:ode-conscious-dining	ode-conscious-dining	restaurants	Ode Conscious Dining	First Floor, 33 Ardmore Street, Wānaka, Wānaka, Otago, New Zealand
restaurants:pomeroys-old-brewery-inn	pomeroys-old-brewery-inn	restaurants	Pomeroy's Old Brewery Inn	292 Kilmore Street, Christchurch 8011, New Zealand, Christchurch, Canterbury, New Zealand
restaurants:putia-pure-food-kitchen	putia-pure-food-kitchen	restaurants	Putia Pure Food Kitchen	17 Royal Parade, Brisbane, Queensland, Australia
restaurants:rudys-real-food	rudys-real-food	restaurants	Rudy's Real Food	2932 Gold Coast Hwy, Gold Coast, Queensland, Australia
restaurants:seedling-cafe	seedling-cafe	restaurants	Seedling Cafe	275 Flinders Lane, Melbourne, Victoria, Australia
restaurants:sippy-tom	sippy-tom	restaurants	Sippy Tom	Winchcombe Carson Woolstores, 54 Vernon Terrace, Brisbane, Queensland, Australia
restaurants:stable-at-cornerstone	stable-at-cornerstone	restaurants	Stable at Cornerstone	570 Gold Coast Highway, Gold Coast, Queensland, Australia
restaurants:street-organics-takapuna	street-organics-takapuna	restaurants	Street Organics	1 Byron Avenue, Takapuna, Auckland 0622, Takapuna, Auckland, New Zealand
restaurants:taste-nature-kitchen-dunedin	taste-nature-kitchen-dunedin	restaurants	Taste Nature Kitchen	131 High Street, Dunedin 9016, Dunedin, Otago, New Zealand
restaurants:ten-minutes-by-tractor	ten-minutes-by-tractor	restaurants	Ten Minutes by Tractor	1333 Mornington-Flinders Road, Mornington Peninsula, Victoria, Australia
restaurants:three-blue-ducks-the-farm-byron-bay	three-blue-ducks-the-farm-byron-bay	restaurants	Three Blue Ducks (The Farm Byron Bay)	11 Ewingsdale Road, Byron Bay, New South Wales, Australia
restaurants:walk-dont-run	walk-dont-run	restaurants	Walk Don't Run	17 Morey Street, Melbourne, Victoria, Australia
restaurants:wholefood-pantry-palm-beach	wholefood-pantry-palm-beach	restaurants	Wholefood Pantry Palm Beach	Shop 23 Nineteenth Avenue S/C, Gold Coast, Queensland, Australia
restaurants:wild-about-wellbeing-farm	wild-about-wellbeing-farm	restaurants	Wild About Wellbeing Farm	38-40 Hunter Road, Yarra Valley, Victoria, Australia
distributors:farmers-mill	farmers-mill	distributors	Farmers Mill	25 Elginshire Street, Washdyke, Timaru 7910, Timaru, Canterbury, New Zealand
distributors:first-light-farms	first-light-farms	distributors	First Light Farms	Unit 2B, 15 Joll Road, Havelock North 4130, Havelock North, Hawke's Bay, New Zealand
distributors:free-farmed-nz	free-farmed-nz	distributors	Free Farmed New Zealand Pork	6128 Great South Road, Horotiu, Hamilton 3288, Hamilton, Waikato, New Zealand
distributors:new-zealand-organic-meats	new-zealand-organic-meats	distributors	New Zealand Organic Meats	869 Hukarere Station Road RD2, Tapanui 9587, Tapanui, Otago, New Zealand
vendors:amaranto-food-truck	amaranto-food-truck	vendors	Amaranto Food Truck	340 Point Chevalier Road, Point Chevalier, Auckland 1022, Auckland, Auckland, New Zealand
vendors:betsy-coffee-truck	betsy-coffee-truck	vendors	Betsy Coffee Truck	1 Okowai Road, Aotea, Porirua 5024, Porirua, Wellington, New Zealand
vendors:bhanga-coffee-cart	bhanga-coffee-cart	vendors	Bhanga Coffee Cart	Maraetai Schoolhouse Bay, Te Kaha 3199, Te Kaha, Bay of Plenty, New Zealand
vendors:brotisserie	brotisserie	vendors	Brotisserie	81 Greenlane East, Remuera, Auckland 1050, Remuera, Auckland, New Zealand
vendors:coffee-la-la	coffee-la-la	vendors	Coffee La La	462 Kuaotunu Wharekaho Road RD 2, Whitianga 3592, Whitianga, Waikato, New Zealand
vendors:coffee-supreme	coffee-supreme	vendors	Coffee Supreme	35 Hopper Street, Mount Cook, Wellington 6011, Wellington, Wellington, New Zealand
vendors:curbside-coffee-and-bagels	curbside-coffee-and-bagels	vendors	Curbside Coffee & Bagels	48 Brownston Street, Wānaka 9305, Wānaka, Otago, New Zealand
vendors:dripping-bowl	dripping-bowl	vendors	Dripping Bowl	82 Anderson Road, Wānaka 9305, Wānaka, Otago, New Zealand
vendors:food-cartel	food-cartel	vendors	Food Cartel	151 Grey Street, Gisborne 4010, Gisborne, Gisborne, New Zealand
vendors:georgies-coffee-cart	georgies-coffee-cart	vendors	Georgies Coffee Cart	14 Rangawhenua Street, Ngāruawāhia 3720, Ngāruawāhia, Waikato, New Zealand
vendors:green-dinner-table	green-dinner-table	vendors	Green Dinner Table	21 Coleridge Street, Sydenham, Christchurch 8023, Christchurch, Canterbury, NZ
vendors:havana-coffee-works	havana-coffee-works	vendors	Havana Coffee Works	163 Tory St, Wellington, Wellington, NZ
vendors:kokako-organic-coffee-roasters	kokako-organic-coffee-roasters	vendors	Kokako Organic Coffee Roasters	9 Charles Street, Mount Eden, Auckland, Mount Eden, Auckland, New Zealand
vendors:little-black-coffee-truck	little-black-coffee-truck	vendors	Little Black Coffee Truck	4 Mana Esplanade, Porirua 5026, Porirua, Wellington, New Zealand
vendors:magic-bean-coffee	magic-bean-coffee	vendors	Magic Bean Coffee	1261 Coatesville-Riverhead Highway, Riverhead, Auckland 0892, Riverhead, Auckland, New Zealand
vendors:mister-barista-coffee-van	mister-barista-coffee-van	vendors	Mister Barista Coffee Van	1 Greenhithe Road, Greenhithe, Auckland 0632, Greenhithe, Auckland, New Zealand
vendors:organic-corner-kerikeri	organic-corner-kerikeri	vendors	Organic Corner Kerikeri	Bay of Islands Farmers Market, 10 Hobson Ave, Kerikeri, Northland, NZ
vendors:pixie-truck	pixie-truck	vendors	Pixie Truck	10 Napier Road, Havelock North 4130, Havelock North, Hawke's Bay, New Zealand
vendors:salty-swamis	salty-swamis	vendors	Salty Swamis	14 Harvey Road, Marahau, Marahau, Tasman, New Zealand
vendors:scarecrow	scarecrow	vendors	Scarecrow	33 Victoria Street East, Auckland, Auckland, Auckland, NZ
vendors:she-universe-chocolate	she-universe-chocolate	vendors	She Universe Chocolate	Riverside Market Lane, 84 Cashel Street, Christchurch Central, Christchurch, Canterbury, NZ
vendors:sherwood-queenstown	sherwood-queenstown	vendors	Sherwood Queenstown	554–558 Frankton Road, Queenstown 9300, New Zealand, Queenstown, Otago, NZ
vendors:the-dukes-of-sandwich	the-dukes-of-sandwich	vendors	The Dukes of Sandwich	The Commons, corner of Kilmore & Durham Streets, Christchurch 8013, Christchurch, Canterbury, New Zealand
vendors:the-good-spot-caravan	the-good-spot-caravan	vendors	The Good Spot Caravan	34 Anderson Road, Wānaka, Wānaka, Otago, New Zealand
vendors:the-waiheke-bean	the-waiheke-bean	vendors	The Waiheke Bean	20 Tahi Road, Ostend, Waiheke Island 1081, Ostend, Auckland, New Zealand
vendors:triple-one-coffee	triple-one-coffee	vendors	Triple One Coffee	832 Cameron Road, Tauranga 3112, Tauranga, Bay of Plenty, New Zealand
vendors:vitality-organics	vitality-organics	vendors	Vitality Organics	322 Maunganui Road, Mount Maunganui 3116, Mount Maunganui, Bay of Plenty, New Zealand
vendors:waiheke-distilling-co	waiheke-distilling-co	vendors	Waiheke Distilling Co.	258 Cowes Bay Road, Waiheke Island, Waiheke Island, Auckland, New Zealand
vendors:yolanda-and-wolfe-coffee-caravan	yolanda-and-wolfe-coffee-caravan	vendors	Yolanda and Wolfe Coffee Caravan	Unit 5, 3 Workspace Drive, Hobsonville, Auckland, Hobsonville, Auckland, New Zealand
vendors:zens-kitchen	zens-kitchen	vendors	Zen's Kitchen	38 Waller Street, Murchison 7007, Murchison, Tasman, New Zealand
